date,feature,importance
2011-05-31,volatility_63,0.30382480432648523
2011-05-31,volatility_21,0.18543367557639823
2011-05-31,momentum_63,0.17298543357071372
2011-05-31,drawdown_63,0.14658264380928393
2011-05-31,ma_spread_50_200,0.0996984415822701
2011-05-31,momentum_126,0.03536904678907063
2011-05-31,momentum_21,0.020654481233228505
2011-05-31,momentum_252,0.02058917814071823
2011-05-31,rsi_14,0.014862294971831442
2011-06-30,volatility_63,0.26518340964159604
2011-06-30,volatility_21,0.20929644457418672
2011-06-30,momentum_63,0.17070226963838891
2011-06-30,momentum_252,0.13825011578856167
2011-06-30,ma_spread_50_200,0.11954723305080565
2011-06-30,drawdown_63,0.044863966381463956
2011-06-30,momentum_21,0.020733981093682803
2011-06-30,momentum_126,0.017363834180808117
2011-06-30,rsi_14,0.014058745650506138
2011-07-29,volatility_63,0.22910901629320776
2011-07-29,drawdown_63,0.22012510667522728
2011-07-29,momentum_63,0.16027404023868635
2011-07-29,volatility_21,0.14366539731861538
2011-07-29,ma_spread_50_200,0.10142578762188328
2011-07-29,momentum_252,0.08133996030885453
2011-07-29,momentum_21,0.030361923857764688
2011-07-29,momentum_126,0.019365063582857108
2011-07-29,rsi_14,0.014333704102903634
2011-08-31,momentum_21,0.22785436229617712
2011-08-31,volatility_63,0.21272415531836525
2011-08-31,momentum_63,0.18128557666596057
2011-08-31,ma_spread_50_200,0.1299845229262625
2011-08-31,volatility_21,0.10179196940287427
2011-08-31,momentum_252,0.07903023016045152
2011-08-31,drawdown_63,0.04204668364997368
2011-08-31,momentum_126,0.01734870431595981
2011-08-31,rsi_14,0.00793379526397535
2011-09-30,momentum_21,0.2022410183133497
2011-09-30,momentum_63,0.18073432302370612
2011-09-30,volatility_63,0.1774011795220516
2011-09-30,momentum_252,0.13614394006987066
2011-09-30,ma_spread_50_200,0.10533224442643717
2011-09-30,volatility_21,0.09775639503499427
2011-09-30,drawdown_63,0.03524692852515555
2011-09-30,momentum_126,0.034653012512379185
2011-09-30,rsi_14,0.030490958572055894
2011-10-31,momentum_252,0.18029695785469696
2011-10-31,volatility_21,0.1607344179614355
2011-10-31,ma_spread_50_200,0.158494515220317
2011-10-31,momentum_21,0.13310455187553125
2011-10-31,volatility_63,0.11920291786710244
2011-10-31,momentum_63,0.08629589110697043
2011-10-31,drawdown_63,0.07860935769774126
2011-10-31,momentum_126,0.060106873405493186
2011-10-31,rsi_14,0.023154517010712125
2011-11-30,momentum_63,0.24020763912370183
2011-11-30,volatility_21,0.1728842931867263
2011-11-30,momentum_252,0.16820412774973054
2011-11-30,momentum_21,0.1301706706902939
2011-11-30,drawdown_63,0.11339520192849518
2011-11-30,volatility_63,0.07087058658646124
2011-11-30,ma_spread_50_200,0.05472847629633173
2011-11-30,momentum_126,0.029755470591464203
2011-11-30,rsi_14,0.019783533846795227
2011-12-30,momentum_63,0.22965394912913523
2011-12-30,volatility_21,0.18013749869047513
2011-12-30,momentum_252,0.17076368344196713
2011-12-30,momentum_21,0.14810928861785658
2011-12-30,drawdown_63,0.08807888531884513
2011-12-30,volatility_63,0.08211860710035314
2011-12-30,ma_spread_50_200,0.050303038596756625
2011-12-30,momentum_126,0.02987358863769867
2011-12-30,rsi_14,0.02096146046691248
2012-01-31,momentum_252,0.2149351326921846
2012-01-31,volatility_21,0.1496639577652926
2012-01-31,ma_spread_50_200,0.13836685815075314
2012-01-31,momentum_21,0.13190092134018166
2012-01-31,momentum_63,0.1317036978674424
2012-01-31,drawdown_63,0.11842479297362589
2012-01-31,volatility_63,0.06722742890077738
2012-01-31,momentum_126,0.030173030583824496
2012-01-31,rsi_14,0.017604179725917813
2012-02-29,momentum_252,0.30949819443808846
2012-02-29,ma_spread_50_200,0.16341641369744586
2012-02-29,volatility_21,0.14025478747691467
2012-02-29,drawdown_63,0.12763729108931438
2012-02-29,momentum_21,0.07834139700864354
2012-02-29,momentum_63,0.07665792871927243
2012-02-29,volatility_63,0.06727871838556497
2012-02-29,momentum_126,0.02408271892122863
2012-02-29,rsi_14,0.012832550263527072
2012-03-30,momentum_252,0.287671126419726
2012-03-30,ma_spread_50_200,0.16883080495470623
2012-03-30,drawdown_63,0.13672836311513106
2012-03-30,volatility_21,0.13189260103090025
2012-03-30,momentum_21,0.08397290628051589
2012-03-30,volatility_63,0.08364708984470855
2012-03-30,momentum_63,0.06266344970818669
2012-03-30,momentum_126,0.034168726996497416
2012-03-30,rsi_14,0.010424931649628053
2012-04-30,momentum_252,0.2546109828548359
2012-04-30,ma_spread_50_200,0.17288923864336364
2012-04-30,drawdown_63,0.14358736275415102
2012-04-30,volatility_21,0.12767059771233794
2012-04-30,momentum_21,0.0922964828155987
2012-04-30,volatility_63,0.08882230768300091
2012-04-30,momentum_63,0.05552673462651018
2012-04-30,momentum_126,0.053982178147487285
2012-04-30,rsi_14,0.010614114762714622
2012-05-31,momentum_252,0.23616575191413602
2012-05-31,ma_spread_50_200,0.1445208742312448
2012-05-31,volatility_21,0.12972455831541707
2012-05-31,drawdown_63,0.1119495609912264
2012-05-31,momentum_63,0.1028534419730089
2012-05-31,momentum_21,0.09683274527764388
2012-05-31,volatility_63,0.09460661993238326
2012-05-31,momentum_126,0.07257647119359883
2012-05-31,rsi_14,0.010769976171341001
2012-06-29,momentum_252,0.18205109581800072
2012-06-29,volatility_21,0.16456787929005265
2012-06-29,volatility_63,0.12323245122536405
2012-06-29,momentum_63,0.12004869986937841
2012-06-29,ma_spread_50_200,0.10912405441541244
2012-06-29,drawdown_63,0.10606287431037982
2012-06-29,momentum_126,0.09395639498844076
2012-06-29,momentum_21,0.087608384724266
2012-06-29,rsi_14,0.013348165358705033
2012-07-31,momentum_252,0.18026582225976337
2012-07-31,volatility_21,0.15679698960907978
2012-07-31,momentum_63,0.14835344309161982
2012-07-31,volatility_63,0.12216815815621739
2012-07-31,drawdown_63,0.11427907391344898
2012-07-31,momentum_21,0.10537304078734168
2012-07-31,ma_spread_50_200,0.08304039667709553
2012-07-31,momentum_126,0.07958083579200664
2012-07-31,rsi_14,0.010142239713426848
2012-08-31,momentum_252,0.2262457447189837
2012-08-31,volatility_21,0.15118929303113096
2012-08-31,momentum_63,0.14028394156836207
2012-08-31,volatility_63,0.11420732333117453
2012-08-31,drawdown_63,0.1062548052457632
2012-08-31,momentum_21,0.09658171043231548
2012-08-31,ma_spread_50_200,0.09633177391403534
2012-08-31,momentum_126,0.06149089823248093
2012-08-31,rsi_14,0.0074145095257537675
2012-09-28,momentum_252,0.23036877921928076
2012-09-28,momentum_63,0.16362594542539735
2012-09-28,volatility_21,0.15028823213330728
2012-09-28,drawdown_63,0.11380843829727065
2012-09-28,volatility_63,0.09864481051189249
2012-09-28,ma_spread_50_200,0.0858139571553087
2012-09-28,momentum_21,0.08119917357552195
2012-09-28,momentum_126,0.0673689117291021
2012-09-28,rsi_14,0.008881751952918644
2012-10-31,momentum_252,0.23889215070935002
2012-10-31,momentum_63,0.1564754700411613
2012-10-31,volatility_21,0.15623562301263622
2012-10-31,drawdown_63,0.1184032227323053
2012-10-31,volatility_63,0.09513905433026187
2012-10-31,momentum_21,0.07987678657273259
2012-10-31,ma_spread_50_200,0.07924138281417102
2012-10-31,momentum_126,0.06831826522249741
2012-10-31,rsi_14,0.007418044564884186
2012-11-30,momentum_252,0.2567739569593035
2012-11-30,volatility_21,0.17474165964219562
2012-11-30,drawdown_63,0.11843980200203555
2012-11-30,momentum_63,0.10792054334573237
2012-11-30,ma_spread_50_200,0.10255153964332242
2012-11-30,volatility_63,0.08604134713033383
2012-11-30,momentum_126,0.07711373870523755
2012-11-30,momentum_21,0.07138307477210444
2012-11-30,rsi_14,0.005034337799734588
2012-12-31,momentum_252,0.26647864081841527
2012-12-31,volatility_21,0.14989393796441158
2012-12-31,drawdown_63,0.13414046850568948
2012-12-31,momentum_63,0.10864416788240144
2012-12-31,ma_spread_50_200,0.09714965209395493
2012-12-31,volatility_63,0.08600427833613636
2012-12-31,momentum_126,0.07707466386481598
2012-12-31,momentum_21,0.07377139653328374
2012-12-31,rsi_14,0.006842794000891061
2013-01-31,momentum_252,0.2529083504454088
2013-01-31,volatility_21,0.13338193977606264
2013-01-31,drawdown_63,0.13137194600343857
2013-01-31,momentum_63,0.11048677031821381
2013-01-31,volatility_63,0.10224688408057796
2013-01-31,momentum_126,0.09953426743360405
2013-01-31,ma_spread_50_200,0.08940963723232644
2013-01-31,momentum_21,0.07357276973296581
2013-01-31,rsi_14,0.007087434977401954
2013-02-28,momentum_252,0.22233956673780425
2013-02-28,volatility_21,0.13986232747229815
2013-02-28,momentum_63,0.12533207695995094
2013-02-28,drawdown_63,0.12175829399963269
2013-02-28,volatility_63,0.11962073667954991
2013-02-28,momentum_126,0.09420893053844093
2013-02-28,ma_spread_50_200,0.09089201642422676
2013-02-28,momentum_21,0.07787738386953115
2013-02-28,rsi_14,0.008108667318565228
2013-03-28,momentum_252,0.2248524620360764
2013-03-28,volatility_21,0.13790074157817625
2013-03-28,volatility_63,0.136352142048466
2013-03-28,drawdown_63,0.1289792387910846
2013-03-28,momentum_63,0.11958058534732466
2013-03-28,momentum_126,0.08758991549391092
2013-03-28,momentum_21,0.08100605865041405
2013-03-28,ma_spread_50_200,0.07668059746514344
2013-03-28,rsi_14,0.007058258589403729
2013-04-30,momentum_252,0.22076646117491555
2013-04-30,volatility_63,0.14630029699191566
2013-04-30,volatility_21,0.1347876889713504
2013-04-30,drawdown_63,0.1333354305877225
2013-04-30,momentum_63,0.12050933342957396
2013-04-30,momentum_126,0.08740778365238071
2013-04-30,momentum_21,0.0796950778514489
2013-04-30,ma_spread_50_200,0.06947145014359081
2013-04-30,rsi_14,0.007726477197101603
2013-05-31,momentum_252,0.25119307143362435
2013-05-31,drawdown_63,0.1918825206376459
2013-05-31,volatility_63,0.1394437733080573
2013-05-31,volatility_21,0.1347694028511473
2013-05-31,momentum_21,0.08436968319354499
2013-05-31,momentum_63,0.07594647165170218
2013-05-31,ma_spread_50_200,0.059716738842331966
2013-05-31,momentum_126,0.05427931460788322
2013-05-31,rsi_14,0.008399023474062798
2013-06-28,momentum_252,0.26957789886431704
2013-06-28,drawdown_63,0.19600781801230285
2013-06-28,volatility_21,0.1398590269775083
2013-06-28,volatility_63,0.13390970072534727
2013-06-28,momentum_63,0.08876250030710403
2013-06-28,momentum_21,0.0690195151554165
2013-06-28,ma_spread_50_200,0.0636820697375472
2013-06-28,momentum_126,0.030349939742610178
2013-06-28,rsi_14,0.008831530477846737
2013-07-31,momentum_252,0.23682100158013894
2013-07-31,drawdown_63,0.20363829878280884
2013-07-31,volatility_21,0.1603694674841609
2013-07-31,volatility_63,0.11796214718547467
2013-07-31,momentum_63,0.08435571518208622
2013-07-31,ma_spread_50_200,0.0840147989019296
2013-07-31,momentum_21,0.07309398451941339
2013-07-31,momentum_126,0.02756199483060085
2013-07-31,rsi_14,0.01218259153338651
2013-08-30,momentum_252,0.24157331431961276
2013-08-30,drawdown_63,0.21296884429623436
2013-08-30,volatility_63,0.14382226037385445
2013-08-30,volatility_21,0.14035423127294935
2013-08-30,momentum_21,0.08730090150606638
2013-08-30,momentum_63,0.07748919753875626
2013-08-30,ma_spread_50_200,0.058852139134080196
2013-08-30,momentum_126,0.02125296565222489
2013-08-30,rsi_14,0.016386145906221346
2013-09-30,momentum_252,0.23675636414697368
2013-09-30,drawdown_63,0.19144699073474275
2013-09-30,volatility_63,0.1486731552580076
2013-09-30,volatility_21,0.1403092130339897
2013-09-30,momentum_21,0.0894884209380298
2013-09-30,momentum_63,0.08654255705092974
2013-09-30,ma_spread_50_200,0.07244850983323518
2013-09-30,momentum_126,0.020094168459422763
2013-09-30,rsi_14,0.014240620544668809
2013-10-31,momentum_252,0.2190202527763048
2013-10-31,drawdown_63,0.19326158235408794
2013-10-31,volatility_21,0.14626283311530436
2013-10-31,volatility_63,0.14606252409421328
2013-10-31,momentum_21,0.1008339759221373
2013-10-31,momentum_63,0.08088732616529731
2013-10-31,ma_spread_50_200,0.07888094737570939
2013-10-31,momentum_126,0.01805256610273254
2013-10-31,rsi_14,0.01673799209421294
2013-11-29,momentum_252,0.2081843643025117
2013-11-29,drawdown_63,0.18423449501726227
2013-11-29,volatility_63,0.15960262321188595
2013-11-29,volatility_21,0.14143283816525942
2013-11-29,momentum_21,0.10892783655098677
2013-11-29,momentum_63,0.08299449690431769
2013-11-29,ma_spread_50_200,0.07794602996930368
2013-11-29,momentum_126,0.019235768376446992
2013-11-29,rsi_14,0.01744154750202544
2013-12-31,momentum_252,0.20175718576900625
2013-12-31,drawdown_63,0.19640073082130685
2013-12-31,volatility_63,0.15503069270491265
2013-12-31,volatility_21,0.15392333377245448
2013-12-31,momentum_21,0.10278481730130885
2013-12-31,momentum_63,0.08358506608895946
2013-12-31,ma_spread_50_200,0.0699001046799459
2013-12-31,rsi_14,0.021804095957679324
2013-12-31,momentum_126,0.01481397290442616
2014-01-31,momentum_252,0.20511044132517542
2014-01-31,drawdown_63,0.20333828304239843
2014-01-31,volatility_21,0.158815869223361
2014-01-31,volatility_63,0.1524687402443699
2014-01-31,momentum_21,0.0927172531784606
2014-01-31,momentum_63,0.07482968992690478
2014-01-31,ma_spread_50_200,0.07427489713030706
2014-01-31,rsi_14,0.023503325873645543
2014-01-31,momentum_126,0.014941500055377236
2014-02-28,momentum_252,0.19623458558359827
2014-02-28,drawdown_63,0.19279513092216533
2014-02-28,volatility_63,0.16199353759589633
2014-02-28,volatility_21,0.15482818749530844
2014-02-28,momentum_21,0.10377831360080177
2014-02-28,momentum_63,0.07628555758644243
2014-02-28,ma_spread_50_200,0.07492892831700973
2014-02-28,rsi_14,0.02432028733915875
2014-02-28,momentum_126,0.014835471559618988
2014-03-31,drawdown_63,0.20182830242968336
2014-03-31,momentum_252,0.18994696382090082
2014-03-31,volatility_21,0.15816945651085704
2014-03-31,volatility_63,0.1538848153512709
2014-03-31,momentum_21,0.12030600548753881
2014-03-31,ma_spread_50_200,0.07212484646924727
2014-03-31,momentum_63,0.07112194905927349
2014-03-31,rsi_14,0.02089788389257294
2014-03-31,momentum_126,0.011719776978655547
2014-04-30,momentum_252,0.19253928004286333
2014-04-30,drawdown_63,0.18712914962114163
2014-04-30,volatility_63,0.16354694412918544
2014-04-30,volatility_21,0.14828175505632304
2014-04-30,momentum_21,0.12701347495855494
2014-04-30,momentum_63,0.0763275480872031
2014-04-30,ma_spread_50_200,0.07208571006658762
2014-04-30,rsi_14,0.018816994568780693
2014-04-30,momentum_126,0.014259143469360126
2014-05-30,momentum_252,0.18951549971681309
2014-05-30,drawdown_63,0.18856265850627668
2014-05-30,volatility_63,0.16205432742357295
2014-05-30,volatility_21,0.15343332413624305
2014-05-30,momentum_21,0.11909920288231168
2014-05-30,momentum_63,0.07804311172255465
2014-05-30,ma_spread_50_200,0.07672779156321448
2014-05-30,rsi_14,0.018909686605427013
2014-05-30,momentum_126,0.01365439744358649
2014-06-30,momentum_252,0.1918555793394733
2014-06-30,drawdown_63,0.1816286330461311
2014-06-30,volatility_63,0.1631849231089167
2014-06-30,volatility_21,0.149720494056408
2014-06-30,momentum_21,0.12238635943071997
2014-06-30,ma_spread_50_200,0.07877397148265965
2014-06-30,momentum_63,0.07714760551090108
2014-06-30,rsi_14,0.018582481924535627
2014-06-30,momentum_126,0.016719952100254603
2014-07-31,momentum_252,0.19534535939248993
2014-07-31,drawdown_63,0.18060150925370605
2014-07-31,volatility_63,0.16481232087230027
2014-07-31,volatility_21,0.15305218885765057
2014-07-31,momentum_21,0.11277349554368567
2014-07-31,ma_spread_50_200,0.0771958586391186
2014-07-31,momentum_63,0.07682956150251535
2014-07-31,momentum_126,0.020303104995107044
2014-07-31,rsi_14,0.019086600943426565
2014-08-29,momentum_252,0.18739591347834147
2014-08-29,drawdown_63,0.18457270275237064
2014-08-29,volatility_63,0.1677928382313754
2014-08-29,volatility_21,0.15032585269015242
2014-08-29,momentum_21,0.11733799692452569
2014-08-29,momentum_63,0.07837768469884476
2014-08-29,ma_spread_50_200,0.07437328059775716
2014-08-29,momentum_126,0.0215901171747857
2014-08-29,rsi_14,0.018233613451846712
2014-09-30,momentum_252,0.19457808248613298
2014-09-30,drawdown_63,0.1857971505782348
2014-09-30,volatility_63,0.16709028372826276
2014-09-30,volatility_21,0.1484988515739305
2014-09-30,momentum_21,0.11080864306040918
2014-09-30,momentum_63,0.07740508510167537
2014-09-30,ma_spread_50_200,0.07621640579857088
2014-09-30,momentum_126,0.0200485091356106
2014-09-30,rsi_14,0.019556988537172876
2014-10-31,momentum_252,0.19117497516628906
2014-10-31,drawdown_63,0.19049780908051636
2014-10-31,volatility_63,0.16326249284670377
2014-10-31,volatility_21,0.14968928101048135
2014-10-31,momentum_21,0.11332547395071672
2014-10-31,momentum_63,0.07935446711445797
2014-10-31,ma_spread_50_200,0.07700637051896819
2014-10-31,rsi_14,0.01901863725640578
2014-10-31,momentum_126,0.01667049305546092
2014-11-28,momentum_252,0.18706854277924498
2014-11-28,drawdown_63,0.17349049920939089
2014-11-28,momentum_21,0.15626074438910695
2014-11-28,volatility_63,0.15556048970515
2014-11-28,volatility_21,0.153003136738527
2014-11-28,momentum_63,0.07728766368175329
2014-11-28,ma_spread_50_200,0.06103764612668303
2014-11-28,momentum_126,0.0185055860319277
2014-11-28,rsi_14,0.017785691338216208
2014-12-31,drawdown_63,0.19209948913905844
2014-12-31,momentum_252,0.17490981081117465
2014-12-31,momentum_21,0.16095719918631268
2014-12-31,volatility_21,0.15915607516425867
2014-12-31,volatility_63,0.1559941255568092
2014-12-31,momentum_63,0.06621545568853704
2014-12-31,ma_spread_50_200,0.057459143035253166
2014-12-31,rsi_14,0.01943657884610631
2014-12-31,momentum_126,0.013772122572489812
2015-01-30,drawdown_63,0.23177492237999922
2015-01-30,momentum_252,0.18293782758386637
2015-01-30,volatility_21,0.16087102413916998
2015-01-30,momentum_21,0.15663589043122583
2015-01-30,volatility_63,0.148048588622727
2015-01-30,ma_spread_50_200,0.057273597191665575
2015-01-30,momentum_63,0.027047021432893968
2015-01-30,rsi_14,0.02187481282585609
2015-01-30,momentum_126,0.013536315392596095
2015-02-27,drawdown_63,0.22414125806046484
2015-02-27,momentum_252,0.18354832668387788
2015-02-27,volatility_63,0.16234144649948248
2015-02-27,momentum_21,0.16125309281286176
2015-02-27,volatility_21,0.157155554234435
2015-02-27,ma_spread_50_200,0.05089096297033665
2015-02-27,momentum_63,0.02593094033337404
2015-02-27,rsi_14,0.02011942171080054
2015-02-27,momentum_126,0.014618996694366776
2015-03-31,drawdown_63,0.2189222550716275
2015-03-31,momentum_252,0.1812175549762358
2015-03-31,momentum_21,0.16350063649485264
2015-03-31,volatility_21,0.15247524221921074
2015-03-31,volatility_63,0.15101431315571853
2015-03-31,ma_spread_50_200,0.06458731105112779
2015-03-31,momentum_63,0.0339472914532552
2015-03-31,rsi_14,0.01996401673894738
2015-03-31,momentum_126,0.014371378839024453
2015-04-30,drawdown_63,0.21292808346091166
2015-04-30,momentum_252,0.18073722361993738
2015-04-30,momentum_21,0.17476054406657607
2015-04-30,volatility_63,0.16166443857195414
2015-04-30,volatility_21,0.15363678692673063
2015-04-30,ma_spread_50_200,0.055143621947049595
2015-04-30,momentum_63,0.025040537874481874
2015-04-30,rsi_14,0.018262963880484883
2015-04-30,momentum_126,0.017825799651873808
2015-05-29,drawdown_63,0.20858226031922292
2015-05-29,momentum_252,0.17590059474824815
2015-05-29,volatility_63,0.17460711824764436
2015-05-29,momentum_21,0.17121457165537618
2015-05-29,volatility_21,0.14717329386543446
2015-05-29,ma_spread_50_200,0.055885930258998656
2015-05-29,momentum_63,0.03190929787150192
2015-05-29,rsi_14,0.018354754907252017
2015-05-29,momentum_126,0.01637217812632136
2015-06-30,drawdown_63,0.22197189316274044
2015-06-30,momentum_252,0.1709840136424252
2015-06-30,momentum_21,0.16365291919280425
2015-06-30,volatility_63,0.16331652233282457
2015-06-30,volatility_21,0.15990884854020615
2015-06-30,ma_spread_50_200,0.059021572890237725
2015-06-30,momentum_63,0.029670966901173615
2015-06-30,rsi_14,0.01732207019890827
2015-06-30,momentum_126,0.014151193138679788
2015-07-31,drawdown_63,0.22888479272362464
2015-07-31,volatility_21,0.17620106313784084
2015-07-31,momentum_252,0.17189069941258714
2015-07-31,momentum_21,0.16026865308717725
2015-07-31,volatility_63,0.14549882765521857
2015-07-31,ma_spread_50_200,0.05560071647368965
2015-07-31,momentum_63,0.02931982065200819
2015-07-31,rsi_14,0.021843285372756954
2015-07-31,momentum_126,0.010492141485096638
2015-08-31,drawdown_63,0.24690680952289434
2015-08-31,momentum_252,0.1919649436521462
2015-08-31,volatility_21,0.1606705888713784
2015-08-31,volatility_63,0.14424900917884262
2015-08-31,momentum_21,0.13715074838034066
2015-08-31,ma_spread_50_200,0.06366098854080168
2015-08-31,rsi_14,0.024416821589582485
2015-08-31,momentum_63,0.021023983170129525
2015-08-31,momentum_126,0.009956107093884203
2015-09-30,drawdown_63,0.2503981660988741
2015-09-30,momentum_252,0.21103534319016315
2015-09-30,volatility_63,0.16123499471423536
2015-09-30,volatility_21,0.1571267276511902
2015-09-30,momentum_21,0.10646950219682708
2015-09-30,ma_spread_50_200,0.06638562721665432
2015-09-30,rsi_14,0.022760618071938264
2015-09-30,momentum_126,0.013505155881630475
2015-09-30,momentum_63,0.011083864978487061
2015-10-30,momentum_252,0.19732085152474632
2015-10-30,drawdown_63,0.18962053033068182
2015-10-30,volatility_63,0.17669549120721104
2015-10-30,volatility_21,0.15944964039693332
2015-10-30,momentum_21,0.10593921130505567
2015-10-30,ma_spread_50_200,0.08277013814751988
2015-10-30,momentum_63,0.05108194062088198
2015-10-30,rsi_14,0.023369066551879012
2015-10-30,momentum_126,0.013753129915091008
2015-11-30,momentum_252,0.2012945627543784
2015-11-30,drawdown_63,0.1871859114240687
2015-11-30,volatility_63,0.18171802014816363
2015-11-30,volatility_21,0.15134365597938818
2015-11-30,momentum_21,0.10776229169961905
2015-11-30,ma_spread_50_200,0.08009552958783267
2015-11-30,momentum_63,0.05049108813603811
2015-11-30,rsi_14,0.022314148521117842
2015-11-30,momentum_126,0.017794791749393416
2015-12-31,drawdown_63,0.21174002821981877
2015-12-31,momentum_252,0.19965054529500448
2015-12-31,volatility_21,0.16432714424712191
2015-12-31,volatility_63,0.13503270278797572
2015-12-31,momentum_21,0.12730497713325345
2015-12-31,ma_spread_50_200,0.07687119493208035
2015-12-31,momentum_63,0.0546976814529993
2015-12-31,rsi_14,0.020515552904070523
2015-12-31,momentum_126,0.00986017302767546
2016-01-29,drawdown_63,0.22080181044130218
2016-01-29,momentum_252,0.20894097127286104
2016-01-29,volatility_21,0.16011404094666498
2016-01-29,volatility_63,0.1212577815405782
2016-01-29,momentum_21,0.11913135310533159
2016-01-29,ma_spread_50_200,0.08014915179562775
2016-01-29,momentum_63,0.055588333838196315
2016-01-29,rsi_14,0.02377045399990332
2016-01-29,momentum_126,0.010246103059534533
2016-02-29,momentum_252,0.19224598662429776
2016-02-29,drawdown_63,0.18404510642539923
2016-02-29,volatility_21,0.15994454807242933
2016-02-29,volatility_63,0.13733882387324137
2016-02-29,momentum_63,0.09806506551133688
2016-02-29,momentum_21,0.09577989136670209
2016-02-29,ma_spread_50_200,0.09305313782166191
2016-02-29,rsi_14,0.02691244006660943
2016-02-29,momentum_126,0.012615000238322039
2016-03-31,volatility_21,0.20306437561450075
2016-03-31,drawdown_63,0.17636600287649562
2016-03-31,momentum_252,0.17370448803325775
2016-03-31,momentum_63,0.14917961442885072
2016-03-31,volatility_63,0.10052282946207985
2016-03-31,momentum_21,0.06959859896362347
2016-03-31,ma_spread_50_200,0.06896740946275821
2016-03-31,rsi_14,0.04255111587397053
2016-03-31,momentum_126,0.0160455652844631
2016-04-29,volatility_21,0.20667282547074167
2016-04-29,drawdown_63,0.17007869181115176
2016-04-29,momentum_252,0.16557855652037384
2016-04-29,momentum_63,0.13324945749998482
2016-04-29,volatility_63,0.12745808107452722
2016-04-29,ma_spread_50_200,0.06628765543610438
2016-04-29,momentum_21,0.06365456604357253
2016-04-29,rsi_14,0.03518493895041728
2016-04-29,momentum_126,0.031835227193126606
2016-05-31,volatility_21,0.22457230382719767
2016-05-31,drawdown_63,0.1712761214114029
2016-05-31,momentum_252,0.16801577826080522
2016-05-31,momentum_63,0.1432439137289424
2016-05-31,volatility_63,0.10250974101220955
2016-05-31,ma_spread_50_200,0.06880880809363865
2016-05-31,momentum_21,0.05989874668318148
2016-05-31,rsi_14,0.03849904334153529
2016-05-31,momentum_126,0.023175543641086812
2016-06-30,volatility_21,0.2160685773007656
2016-06-30,drawdown_63,0.17900141353119792
2016-06-30,momentum_252,0.15598987034073497
2016-06-30,momentum_63,0.134061004934564
2016-06-30,volatility_63,0.11665133950421783
2016-06-30,momentum_21,0.06801118990780623
2016-06-30,ma_spread_50_200,0.06705878741269487
2016-06-30,rsi_14,0.03776795111995775
2016-06-30,momentum_126,0.025389865948060898
2016-07-29,volatility_21,0.23317930628421715
2016-07-29,drawdown_63,0.17535210318511546
2016-07-29,momentum_252,0.15462653932086937
2016-07-29,momentum_63,0.12074903788202918
2016-07-29,volatility_63,0.11250286063044102
2016-07-29,momentum_21,0.07279978104561284
2016-07-29,ma_spread_50_200,0.06845430985695805
2016-07-29,rsi_14,0.03632144871866199
2016-07-29,momentum_126,0.02601461307609498
2016-08-31,volatility_21,0.24388761454187288
2016-08-31,momentum_252,0.16547424862081636
2016-08-31,drawdown_63,0.14580202231961836
2016-08-31,momentum_63,0.1215326398687135
2016-08-31,volatility_63,0.11409228365812484
2016-08-31,momentum_21,0.08813710859787066
2016-08-31,ma_spread_50_200,0.06586191458309784
2016-08-31,rsi_14,0.0338913371149985
2016-08-31,momentum_126,0.02132083069488689
2016-09-30,volatility_21,0.24258999145895496
2016-09-30,momentum_252,0.16706257400995003
2016-09-30,drawdown_63,0.15761723912244535
2016-09-30,momentum_63,0.11684534801574464
2016-09-30,volatility_63,0.1084768470608707
2016-09-30,momentum_21,0.08953677886024268
2016-09-30,ma_spread_50_200,0.06410753331784348
2016-09-30,rsi_14,0.031155878202833776
2016-09-30,momentum_126,0.022607809951114274
2016-10-31,volatility_21,0.24488338570687468
2016-10-31,momentum_252,0.1647405699594707
2016-10-31,drawdown_63,0.15521056331128572
2016-10-31,momentum_63,0.12306107556590229
2016-10-31,volatility_63,0.10695668222447152
2016-10-31,momentum_21,0.08601728669257115
2016-10-31,ma_spread_50_200,0.06370980848257231
2016-10-31,rsi_14,0.03372689380873142
2016-10-31,momentum_126,0.021693734248120232
2016-11-30,volatility_21,0.2424117265963843
2016-11-30,momentum_252,0.16168621863494442
2016-11-30,drawdown_63,0.14571613378642892
2016-11-30,momentum_63,0.13407393707211832
2016-11-30,volatility_63,0.11394807359987043
2016-11-30,momentum_21,0.07470729476604905
2016-11-30,ma_spread_50_200,0.06801336427619836
2016-11-30,rsi_14,0.03690202959196796
2016-11-30,momentum_126,0.02254122167603832
2016-12-30,volatility_21,0.24528204328926737
2016-12-30,momentum_252,0.15687473777253896
2016-12-30,drawdown_63,0.14795521959923819
2016-12-30,momentum_63,0.1348519493152523
2016-12-30,volatility_63,0.1103292545400047
2016-12-30,momentum_21,0.07036878341681638
2016-12-30,ma_spread_50_200,0.0687484749440971
2016-12-30,rsi_14,0.03714053129548104
2016-12-30,momentum_126,0.028449005827303968
2017-01-31,volatility_21,0.23452103011931663
2017-01-31,momentum_252,0.16553798074022075
2017-01-31,drawdown_63,0.16244820164084103
2017-01-31,momentum_63,0.12077435700147172
2017-01-31,volatility_63,0.11511518934074433
2017-01-31,momentum_21,0.07741743435108815
2017-01-31,ma_spread_50_200,0.0646155251866786
2017-01-31,rsi_14,0.032702537577906005
2017-01-31,momentum_126,0.026867744041732585
2017-02-28,volatility_21,0.24174281337092526
2017-02-28,momentum_252,0.16405840151983836
2017-02-28,drawdown_63,0.15404859829240417
2017-02-28,momentum_63,0.12845340837515015
2017-02-28,volatility_63,0.10713852083915239
2017-02-28,momentum_21,0.0747082771481976
2017-02-28,ma_spread_50_200,0.06375233743760467
2017-02-28,rsi_14,0.03959467020541407
2017-02-28,momentum_126,0.02650297281131338
2017-03-31,volatility_21,0.2390489687318676
2017-03-31,momentum_252,0.16499546795488326
2017-03-31,drawdown_63,0.15250775741734252
2017-03-31,momentum_63,0.13464964092968412
2017-03-31,volatility_63,0.10725752965800107
2017-03-31,ma_spread_50_200,0.07042932800793442
2017-03-31,momentum_21,0.0665302936515322
2017-03-31,rsi_14,0.037335074065521355
2017-03-31,momentum_126,0.02724593958323342
2017-04-28,volatility_21,0.24371870209187613
2017-04-28,momentum_252,0.15821797691467374
2017-04-28,drawdown_63,0.15370534040251532
2017-04-28,momentum_63,0.12886081685827372
2017-04-28,volatility_63,0.11627043911965945
2017-04-28,ma_spread_50_200,0.06820321120879472
2017-04-28,momentum_21,0.06741561753361093
2017-04-28,rsi_14,0.03796610877151201
2017-04-28,momentum_126,0.02564178709908409
2017-05-31,volatility_21,0.24415292126954574
2017-05-31,drawdown_63,0.16159650039816978
2017-05-31,momentum_252,0.16050364463617223
2017-05-31,momentum_63,0.11957129543822627
2017-05-31,volatility_63,0.1163545023698367
2017-05-31,momentum_21,0.06807072792349904
2017-05-31,ma_spread_50_200,0.06468618655282829
2017-05-31,rsi_14,0.03766659097720627
2017-05-31,momentum_126,0.027397630434515718
2017-06-30,volatility_21,0.25205149847686414
2017-06-30,momentum_252,0.15594704853977392
2017-06-30,drawdown_63,0.15474296102176913
2017-06-30,momentum_63,0.12645489598616422
2017-06-30,volatility_63,0.11162891546899184
2017-06-30,ma_spread_50_200,0.06696932716327378
2017-06-30,momentum_21,0.06378220746059775
2017-06-30,rsi_14,0.03954244650100347
2017-06-30,momentum_126,0.028880699381561705
2017-07-31,volatility_21,0.2498726279365159
2017-07-31,momentum_252,0.15834140139849492
2017-07-31,drawdown_63,0.14748056736304765
2017-07-31,momentum_63,0.13654403129553155
2017-07-31,volatility_63,0.10966533509864597
2017-07-31,ma_spread_50_200,0.0663670979897792
2017-07-31,momentum_21,0.06272481386030951
2017-07-31,rsi_14,0.04148213740447451
2017-07-31,momentum_126,0.027521987653200786
2017-08-31,volatility_21,0.25077174800420277
2017-08-31,momentum_252,0.1524498688185096
2017-08-31,drawdown_63,0.15212158238305887
2017-08-31,momentum_63,0.13379207090340398
2017-08-31,volatility_63,0.10806017476421263
2017-08-31,ma_spread_50_200,0.06944525859272149
2017-08-31,momentum_21,0.05699989133486679
2017-08-31,rsi_14,0.04120646970699263
2017-08-31,momentum_126,0.03515293549203126
2017-09-29,volatility_21,0.2412236241237359
2017-09-29,momentum_252,0.1534257462565561
2017-09-29,momentum_63,0.1460957998453103
2017-09-29,drawdown_63,0.13374803709408098
2017-09-29,volatility_63,0.11750701079381372
2017-09-29,ma_spread_50_200,0.07239015734052781
2017-09-29,momentum_21,0.06630586551770623
2017-09-29,rsi_14,0.041832859563805676
2017-09-29,momentum_126,0.02747089946446326
2017-10-31,volatility_21,0.24737155910338865
2017-10-31,drawdown_63,0.15540416945624255
2017-10-31,momentum_252,0.15254093554678572
2017-10-31,momentum_63,0.12497685531908492
2017-10-31,volatility_63,0.11448388826634638
2017-10-31,momentum_21,0.06747422908032419
2017-10-31,ma_spread_50_200,0.06571890047590319
2017-10-31,rsi_14,0.0431851686134584
2017-10-31,momentum_126,0.028844294138465974
2017-11-30,volatility_21,0.24829095649939528
2017-11-30,momentum_252,0.1576808992735664
2017-11-30,drawdown_63,0.14799140762113544
2017-11-30,momentum_63,0.13077536124948252
2017-11-30,volatility_63,0.11621975534517977
2017-11-30,ma_spread_50_200,0.07161701010596554
2017-11-30,momentum_21,0.062100259679093724
2017-11-30,rsi_14,0.04245002751162291
2017-11-30,momentum_126,0.022874322714558314
2017-12-29,volatility_21,0.2504336698608392
2017-12-29,drawdown_63,0.1531636872179327
2017-12-29,momentum_252,0.15238458872574379
2017-12-29,momentum_63,0.13298238369330817
2017-12-29,volatility_63,0.1134393968537857
2017-12-29,ma_spread_50_200,0.06721426535128147
2017-12-29,momentum_21,0.06503204764475919
2017-12-29,rsi_14,0.04057014120720427
2017-12-29,momentum_126,0.024779819445145658
2018-01-31,volatility_21,0.25214162676993707
2018-01-31,momentum_252,0.15025939470788507
2018-01-31,drawdown_63,0.14871363817489452
2018-01-31,momentum_63,0.13713866049769782
2018-01-31,volatility_63,0.11693849871975656
2018-01-31,ma_spread_50_200,0.07129202224948647
2018-01-31,momentum_21,0.0525743408042851
2018-01-31,rsi_14,0.042589648176938597
2018-01-31,momentum_126,0.02835216989911884
2018-02-28,volatility_21,0.25369098024429687
2018-02-28,momentum_252,0.14669483123385832
2018-02-28,drawdown_63,0.14472315687829096
2018-02-28,momentum_63,0.13949629037567315
2018-02-28,volatility_63,0.10007755874320709
2018-02-28,ma_spread_50_200,0.07171655270653338
2018-02-28,momentum_21,0.06833600747154916
2018-02-28,rsi_14,0.04244671732550012
2018-02-28,momentum_126,0.032817905021091144
2018-03-29,volatility_21,0.23806579380860138
2018-03-29,momentum_252,0.1546340858524457
2018-03-29,drawdown_63,0.15263802764689144
2018-03-29,momentum_63,0.13716046463218315
2018-03-29,volatility_63,0.10797582808850127
2018-03-29,ma_spread_50_200,0.06952177502642175
2018-03-29,momentum_21,0.06808045845194573
2018-03-29,rsi_14,0.042062739614782345
2018-03-29,momentum_126,0.029860826878227165
2018-04-30,volatility_21,0.1977862562438713
2018-04-30,drawdown_63,0.1735209829761301
2018-04-30,momentum_252,0.15372496692618343
2018-04-30,volatility_63,0.1355998066191493
2018-04-30,momentum_63,0.12814829054745802
2018-04-30,momentum_21,0.07528290804928688
2018-04-30,ma_spread_50_200,0.06620621457773246
2018-04-30,rsi_14,0.03973579473088656
2018-04-30,momentum_126,0.029994779329301904
2018-05-31,volatility_21,0.20248849151375045
2018-05-31,drawdown_63,0.15679173500159574
2018-05-31,momentum_252,0.1513916487807675
2018-05-31,momentum_63,0.13667979755662663
2018-05-31,volatility_63,0.13452985214674937
2018-05-31,momentum_21,0.07521330073407383
2018-05-31,ma_spread_50_200,0.07048955184518345
2018-05-31,rsi_14,0.03793898415432323
2018-05-31,momentum_126,0.034476638266929885
2018-06-29,volatility_21,0.19454829921720493
2018-06-29,drawdown_63,0.1642117590314276
2018-06-29,volatility_63,0.1482958146539799
2018-06-29,momentum_252,0.14331308574990415
2018-06-29,momentum_63,0.12118467888087615
2018-06-29,momentum_21,0.08237615607224304
2018-06-29,ma_spread_50_200,0.07028126375339536
2018-06-29,momentum_126,0.03994535308690575
2018-06-29,rsi_14,0.03584358955406323
2018-07-31,volatility_21,0.19026198142102924
2018-07-31,drawdown_63,0.15672055594663345
2018-07-31,momentum_252,0.1482933491055139
2018-07-31,volatility_63,0.14642430904478576
2018-07-31,momentum_63,0.12862333649729557
2018-07-31,momentum_21,0.07863082609144985
2018-07-31,ma_spread_50_200,0.07658580237639008
2018-07-31,momentum_126,0.0402337253622589
2018-07-31,rsi_14,0.0342261141546432
2018-08-31,volatility_21,0.1946497993983007
2018-08-31,drawdown_63,0.16026035009421508
2018-08-31,volatility_63,0.14643905018526374
2018-08-31,momentum_252,0.1430300190732277
2018-08-31,momentum_63,0.12406579621624199
2018-08-31,ma_spread_50_200,0.07735762121936095
2018-08-31,momentum_21,0.07521223818001459
2018-08-31,momentum_126,0.04297098082695737
2018-08-31,rsi_14,0.03601414480641788
2018-09-28,volatility_21,0.19391195747771178
2018-09-28,drawdown_63,0.16478967286001672
2018-09-28,volatility_63,0.14588343028074502
2018-09-28,momentum_252,0.14098029780384597
2018-09-28,momentum_63,0.12075134229911508
2018-09-28,ma_spread_50_200,0.080125044184451
2018-09-28,momentum_21,0.07661008618844511
2018-09-28,momentum_126,0.042537461646994526
2018-09-28,rsi_14,0.03441070725867471
2018-10-31,volatility_21,0.18366384668663016
2018-10-31,volatility_63,0.1573162640156179
2018-10-31,drawdown_63,0.15369666412880909
2018-10-31,momentum_252,0.14085505696746936
2018-10-31,momentum_63,0.1313335447942449
2018-10-31,ma_spread_50_200,0.08596187687826959
2018-10-31,momentum_21,0.0684054726138943
2018-10-31,momentum_126,0.04348493750176318
2018-10-31,rsi_14,0.03528233641330152
2018-11-30,volatility_21,0.17388785607601473
2018-11-30,volatility_63,0.16923907968393356
2018-11-30,drawdown_63,0.15129335787386863
2018-11-30,momentum_252,0.14178572369364909
2018-11-30,momentum_63,0.1297833664656446
2018-11-30,ma_spread_50_200,0.08226737685233172
2018-11-30,momentum_21,0.07565666778497565
2018-11-30,momentum_126,0.04577336829391819
2018-11-30,rsi_14,0.030313203275663916
2018-12-31,volatility_63,0.17859821783608731
2018-12-31,volatility_21,0.15455811735303293
2018-12-31,momentum_63,0.15065453622350175
2018-12-31,momentum_252,0.14306455878285307
2018-12-31,drawdown_63,0.13816043053669186
2018-12-31,ma_spread_50_200,0.09601587566318766
2018-12-31,momentum_21,0.06149464556952105
2018-12-31,momentum_126,0.04589607531682572
2018-12-31,rsi_14,0.03155754271829878
2019-01-31,momentum_63,0.25457448705939895
2019-01-31,volatility_63,0.15738156086242536
2019-01-31,volatility_21,0.14382269247081847
2019-01-31,momentum_252,0.1312168647294704
2019-01-31,drawdown_63,0.11134811490888803
2019-01-31,ma_spread_50_200,0.07514998757653561
2019-01-31,momentum_21,0.06028326767706027
2019-01-31,momentum_126,0.03652643948957616
2019-01-31,rsi_14,0.029696585225826803
2019-02-28,momentum_63,0.27340121553282853
2019-02-28,volatility_63,0.16501637476195694
2019-02-28,momentum_252,0.13955882779148987
2019-02-28,volatility_21,0.13529613758351713
2019-02-28,drawdown_63,0.08783966458006505
2019-02-28,momentum_21,0.062484988786807104
2019-02-28,ma_spread_50_200,0.05911730123312526
2019-02-28,momentum_126,0.04976604743256266
2019-02-28,rsi_14,0.02751944229764752
2019-03-29,momentum_63,0.28303251824108455
2019-03-29,volatility_63,0.16870290120297918
2019-03-29,volatility_21,0.13969032792322536
2019-03-29,momentum_252,0.1391549230203383
2019-03-29,drawdown_63,0.07838358498665532
2019-03-29,momentum_21,0.05957249254789921
2019-03-29,ma_spread_50_200,0.05859747111127411
2019-03-29,momentum_126,0.04645290862262005
2019-03-29,rsi_14,0.026412872343923994
2019-04-30,momentum_63,0.26860250477315367
2019-04-30,volatility_63,0.17199234560579857
2019-04-30,volatility_21,0.14125702734558376
2019-04-30,momentum_252,0.1383758151998089
2019-04-30,drawdown_63,0.08244353803194446
2019-04-30,momentum_21,0.06677188189354029
2019-04-30,ma_spread_50_200,0.05337690938949078
2019-04-30,momentum_126,0.05117331720878059
2019-04-30,rsi_14,0.026006660551899
2019-05-31,momentum_63,0.25888744155257354
2019-05-31,volatility_63,0.16899631967521497
2019-05-31,volatility_21,0.14095263662100688
2019-05-31,momentum_252,0.14074298942234378
2019-05-31,drawdown_63,0.08500757318772703
2019-05-31,momentum_21,0.07126980291226374
2019-05-31,ma_spread_50_200,0.05894021235685242
2019-05-31,momentum_126,0.048869453384137555
2019-05-31,rsi_14,0.02633357088788011
2019-06-28,momentum_63,0.27276770551364293
2019-06-28,volatility_63,0.1685697366713873
2019-06-28,volatility_21,0.14103557514924445
2019-06-28,momentum_252,0.13792905787645163
2019-06-28,momentum_21,0.07361977599173077
2019-06-28,drawdown_63,0.07100833227731153
2019-06-28,ma_spread_50_200,0.06603866871186737
2019-06-28,momentum_126,0.042800071454499565
2019-06-28,rsi_14,0.026231076353864482
2019-07-31,momentum_63,0.2604087086985234
2019-07-31,volatility_63,0.1677687159427687
2019-07-31,momentum_252,0.1379105685674933
2019-07-31,volatility_21,0.1363419112171957
2019-07-31,drawdown_63,0.08467859697209419
2019-07-31,momentum_21,0.07793767515827664
2019-07-31,ma_spread_50_200,0.06495586396786501
2019-07-31,momentum_126,0.044660465881196335
2019-07-31,rsi_14,0.02533749359458674
2019-08-30,momentum_63,0.24380038668972898
2019-08-30,volatility_63,0.16637737210044834
2019-08-30,momentum_252,0.13561511475090723
2019-08-30,volatility_21,0.1343374515321263
2019-08-30,drawdown_63,0.09398476368962848
2019-08-30,momentum_21,0.07974702058508706
2019-08-30,ma_spread_50_200,0.07713285344328728
2019-08-30,momentum_126,0.04388995372214753
2019-08-30,rsi_14,0.025115083486638764
2019-09-30,momentum_63,0.24707018551347387
2019-09-30,volatility_63,0.1686155287490105
2019-09-30,momentum_252,0.13685559089230473
2019-09-30,volatility_21,0.13338637376684212
2019-09-30,momentum_21,0.09812261308507049
2019-09-30,drawdown_63,0.08764707240083185
2019-09-30,ma_spread_50_200,0.06452494934317443
2019-09-30,momentum_126,0.039423135312386066
2019-09-30,rsi_14,0.024354550936905785
2019-10-31,momentum_63,0.24380026636247246
2019-10-31,volatility_63,0.16434108328200958
2019-10-31,momentum_252,0.13485072982361768
2019-10-31,volatility_21,0.13230760094836014
2019-10-31,momentum_21,0.10421967480445696
2019-10-31,drawdown_63,0.08846668519683029
2019-10-31,ma_spread_50_200,0.06679658110035298
2019-10-31,momentum_126,0.04010822555655658
2019-10-31,rsi_14,0.025109152925343454
2019-11-29,momentum_63,0.2524632945634412
2019-11-29,volatility_63,0.16089098532076299
2019-11-29,volatility_21,0.13698282866888517
2019-11-29,momentum_252,0.13429922942554035
2019-11-29,momentum_21,0.11029279292027212
2019-11-29,drawdown_63,0.07976980890030123
2019-11-29,ma_spread_50_200,0.06497619328288451
2019-11-29,momentum_126,0.03629383926658937
2019-11-29,rsi_14,0.024031027651323037
2019-12-31,momentum_63,0.26377347514792837
2019-12-31,volatility_63,0.16083474595382
2019-12-31,momentum_252,0.13717516590450632
2019-12-31,volatility_21,0.13629568631095276
2019-12-31,momentum_21,0.10230372712719749
2019-12-31,drawdown_63,0.07465257370095071
2019-12-31,ma_spread_50_200,0.06041068715578143
2019-12-31,momentum_126,0.0396418345361163
2019-12-31,rsi_14,0.024912104162746685
2020-01-31,momentum_63,0.24400952355117844
2020-01-31,volatility_63,0.1643675422440461
2020-01-31,volatility_21,0.1425894166673901
2020-01-31,momentum_21,0.1185378565259003
2020-01-31,momentum_252,0.10887486997690245
2020-01-31,drawdown_63,0.0943988330839128
2020-01-31,ma_spread_50_200,0.05825144305667036
2020-01-31,momentum_126,0.04425748696913534
2020-01-31,rsi_14,0.02471302792486407
2020-02-28,momentum_63,0.25935160241516486
2020-02-28,volatility_63,0.16116567763325032
2020-02-28,volatility_21,0.159241425623959
2020-02-28,momentum_21,0.10516507571825201
2020-02-28,momentum_252,0.09093585439639168
2020-02-28,drawdown_63,0.0811479453342781
2020-02-28,ma_spread_50_200,0.06840813498226567
2020-02-28,momentum_126,0.0481725421750272
2020-02-28,rsi_14,0.02641174172141114
2020-03-31,momentum_63,0.23056727041017075
2020-03-31,volatility_21,0.20026583179875626
2020-03-31,volatility_63,0.1744628333085317
2020-03-31,momentum_252,0.12870947597476773
2020-03-31,ma_spread_50_200,0.07609955203935094
2020-03-31,momentum_21,0.06982201531803148
2020-03-31,momentum_126,0.059504016684785055
2020-03-31,drawdown_63,0.03601572618968827
2020-03-31,rsi_14,0.024553278275917797
2020-04-30,drawdown_63,0.23366971554280805
2020-04-30,volatility_21,0.18987060598686858
2020-04-30,volatility_63,0.16698194202255018
2020-04-30,momentum_252,0.12213384200145452
2020-04-30,momentum_63,0.10934824628484
2020-04-30,ma_spread_50_200,0.07405137151346147
2020-04-30,momentum_21,0.045333375089465014
2020-04-30,momentum_126,0.03359962837272164
2020-04-30,rsi_14,0.025011273185830553
2020-05-29,drawdown_63,0.2911110772165992
2020-05-29,volatility_21,0.15128047976332848
2020-05-29,volatility_63,0.12658489462081676
2020-05-29,momentum_252,0.1250852606776628
2020-05-29,momentum_63,0.10783156895552835
2020-05-29,momentum_21,0.06835739705813232
2020-05-29,ma_spread_50_200,0.057025547254877115
2020-05-29,momentum_126,0.042623473697580384
2020-05-29,rsi_14,0.030100300755474586
2020-06-30,drawdown_63,0.28472025132508066
2020-06-30,volatility_63,0.22638517740668035
2020-06-30,momentum_63,0.11250748165710449
2020-06-30,volatility_21,0.10281860371273815
2020-06-30,momentum_252,0.09447747202940375
2020-06-30,ma_spread_50_200,0.06622733249810507
2020-06-30,momentum_21,0.05793620073488186
2020-06-30,rsi_14,0.03086403436499118
2020-06-30,momentum_126,0.02406344627101449
2020-07-31,drawdown_63,0.2849007376795299
2020-07-31,momentum_63,0.16933284073486873
2020-07-31,volatility_63,0.1451903404467774
2020-07-31,volatility_21,0.11888950237662167
2020-07-31,momentum_252,0.0889552704161366
2020-07-31,ma_spread_50_200,0.06865375900225967
2020-07-31,momentum_21,0.05034732361242691
2020-07-31,momentum_126,0.04651584666030374
2020-07-31,rsi_14,0.02721437907107537
2020-08-31,drawdown_63,0.2612481200293155
2020-08-31,momentum_63,0.1845332678342145
2020-08-31,volatility_63,0.1574371091588757
2020-08-31,volatility_21,0.12557586096133488
2020-08-31,momentum_252,0.08010387454015234
2020-08-31,ma_spread_50_200,0.06026439032947939
2020-08-31,momentum_21,0.05243053463811745
2020-08-31,momentum_126,0.04577087528075631
2020-08-31,rsi_14,0.032635967227754
2020-09-30,momentum_63,0.3309745545776239
2020-09-30,drawdown_63,0.14787389623944386
2020-09-30,volatility_63,0.1420925409422333
2020-09-30,volatility_21,0.12455378877639056
2020-09-30,momentum_252,0.07150652804097596
2020-09-30,ma_spread_50_200,0.06506570389799492
2020-09-30,momentum_21,0.045261650497428974
2020-09-30,momentum_126,0.042140011402308004
2020-09-30,rsi_14,0.03053132562560052
2020-10-30,momentum_63,0.256744112403684
2020-10-30,drawdown_63,0.20069052704966867
2020-10-30,volatility_63,0.1529035199264856
2020-10-30,volatility_21,0.11676971190424641
2020-10-30,momentum_252,0.08309885619065913
2020-10-30,ma_spread_50_200,0.06986322139820123
2020-10-30,momentum_21,0.0453424641753246
2020-10-30,momentum_126,0.03773411302184905
2020-10-30,rsi_14,0.03685347392988133
2020-11-30,momentum_63,0.28804262856059365
2020-11-30,drawdown_63,0.14836687027349013
2020-11-30,volatility_63,0.13915940997434678
2020-11-30,momentum_252,0.1223194049540874
2020-11-30,volatility_21,0.12024575771489884
2020-11-30,ma_spread_50_200,0.058699785930116974
2020-11-30,rsi_14,0.043721665012274195
2020-11-30,momentum_126,0.04067136572945451
2020-11-30,momentum_21,0.03877311185073762
2020-12-31,momentum_63,0.31223938643114857
2020-12-31,momentum_252,0.150409249959792
2020-12-31,volatility_63,0.14104348540165293
2020-12-31,drawdown_63,0.11729635019297414
2020-12-31,volatility_21,0.10862405996211616
2020-12-31,ma_spread_50_200,0.04904401183338632
2020-12-31,momentum_126,0.04317382476828239
2020-12-31,rsi_14,0.04298283030513986
2020-12-31,momentum_21,0.03518680114550762
2021-01-29,momentum_63,0.30745710350299943
2021-01-29,momentum_252,0.15488742155795107
2021-01-29,volatility_63,0.147904646418506
2021-01-29,volatility_21,0.11153123556596568
2021-01-29,drawdown_63,0.10999730298503728
2021-01-29,ma_spread_50_200,0.05179132184743944
2021-01-29,momentum_126,0.0432353411914927
2021-01-29,rsi_14,0.041872661999882724
2021-01-29,momentum_21,0.03132296493072564
2021-02-26,momentum_63,0.323437402391733
2021-02-26,volatility_63,0.1591496367499431
2021-02-26,momentum_252,0.14698325766089546
2021-02-26,volatility_21,0.10550373815773398
2021-02-26,drawdown_63,0.09282411098449035
2021-02-26,ma_spread_50_200,0.061087431666009676
2021-02-26,rsi_14,0.04148093942868033
2021-02-26,momentum_126,0.0413819244542423
2021-02-26,momentum_21,0.0281515585062719
2021-03-31,momentum_63,0.2990477845442195
2021-03-31,volatility_63,0.17819532192549598
2021-03-31,momentum_252,0.14490351342179625
2021-03-31,drawdown_63,0.10024395353511875
2021-03-31,volatility_21,0.09504199495214347
2021-03-31,ma_spread_50_200,0.08121029050733886
2021-03-31,momentum_126,0.04061779619851703
2021-03-31,rsi_14,0.03663657512832065
2021-03-31,momentum_21,0.024102769787049554
2021-04-30,momentum_63,0.2869252705009407
2021-04-30,volatility_63,0.17904047117191937
2021-04-30,momentum_252,0.13622164664031658
2021-04-30,drawdown_63,0.11201423660810506
2021-04-30,volatility_21,0.09310322386083711
2021-04-30,ma_spread_50_200,0.08293710643649799
2021-04-30,momentum_126,0.04190320010836969
2021-04-30,rsi_14,0.03761513291515197
2021-04-30,momentum_21,0.030239711757861613
2021-05-28,momentum_63,0.29920948973581035
2021-05-28,volatility_63,0.1762744812317791
2021-05-28,momentum_252,0.13531439675512333
2021-05-28,drawdown_63,0.101570513685374
2021-05-28,volatility_21,0.09378875090307984
2021-05-28,ma_spread_50_200,0.08687739965170913
2021-05-28,rsi_14,0.03901335703345706
2021-05-28,momentum_126,0.03637788876472559
2021-05-28,momentum_21,0.03157372223894176
2021-06-30,momentum_63,0.2898105918676163
2021-06-30,volatility_63,0.1807099936485189
2021-06-30,momentum_252,0.13487890857645796
2021-06-30,drawdown_63,0.11076725929899389
2021-06-30,volatility_21,0.09504645331085784
2021-06-30,ma_spread_50_200,0.08352966777719945
2021-06-30,momentum_126,0.03743966859292291
2021-06-30,rsi_14,0.035089522899302845
2021-06-30,momentum_21,0.032727934028129874
2021-07-30,momentum_63,0.30546280234430506
2021-07-30,volatility_63,0.17450086188876324
2021-07-30,momentum_252,0.1366498482705938
2021-07-30,drawdown_63,0.09925724071576114
2021-07-30,volatility_21,0.08982627344763199
2021-07-30,ma_spread_50_200,0.08907706267674595
2021-07-30,rsi_14,0.04006738795977291
2021-07-30,momentum_126,0.03438322116016724
2021-07-30,momentum_21,0.030775301536258723
2021-08-31,momentum_63,0.30570371039351785
2021-08-31,volatility_63,0.17142808771392987
2021-08-31,momentum_252,0.13998461234703016
2021-08-31,drawdown_63,0.09772693645542264
2021-08-31,ma_spread_50_200,0.09126160209707754
2021-08-31,volatility_21,0.08794111496648957
2021-08-31,rsi_14,0.040386067042883764
2021-08-31,momentum_126,0.03353524189595609
2021-08-31,momentum_21,0.03203262708769246
2021-09-30,momentum_63,0.30444439893323805
2021-09-30,volatility_63,0.17784602799524687
2021-09-30,momentum_252,0.13441088785532823
2021-09-30,drawdown_63,0.10060742019843924
2021-09-30,ma_spread_50_200,0.09095156419735716
2021-09-30,volatility_21,0.08766437996957173
2021-09-30,rsi_14,0.04028277486749627
2021-09-30,momentum_126,0.0338166228892293
2021-09-30,momentum_21,0.029975923094093145
2021-10-29,momentum_63,0.2980234199929543
2021-10-29,volatility_63,0.18305805126564437
2021-10-29,momentum_252,0.13174810462452455
2021-10-29,drawdown_63,0.10328447524113075
2021-10-29,volatility_21,0.08953785691700393
2021-10-29,ma_spread_50_200,0.08775918197229957
2021-10-29,rsi_14,0.0406907686813122
2021-10-29,momentum_126,0.03801283345420792
2021-10-29,momentum_21,0.02788530785092249
2021-11-30,momentum_63,0.3079758486262075
2021-11-30,volatility_63,0.17960747264920504
2021-11-30,momentum_252,0.1310269048573505
2021-11-30,drawdown_63,0.09778980958019388
2021-11-30,volatility_21,0.0916298865213707
2021-11-30,ma_spread_50_200,0.08427344516768392
2021-11-30,rsi_14,0.040397567423552626
2021-11-30,momentum_126,0.03639120008679835
2021-11-30,momentum_21,0.03090786508763746
2021-12-31,momentum_63,0.2868024245083566
2021-12-31,volatility_63,0.1827768012543315
2021-12-31,momentum_252,0.127534158573706
2021-12-31,drawdown_63,0.11151555911396516
2021-12-31,ma_spread_50_200,0.09330195581086619
2021-12-31,volatility_21,0.09073934837152808
2021-12-31,rsi_14,0.0383640543222557
2021-12-31,momentum_126,0.0380647742471654
2021-12-31,momentum_21,0.030900923797825528
2022-01-31,momentum_63,0.3018585028161704
2022-01-31,volatility_63,0.17965092613162786
2022-01-31,momentum_252,0.13311560309791323
2022-01-31,volatility_21,0.09845242320824933
2022-01-31,drawdown_63,0.09285268631816995
2022-01-31,ma_spread_50_200,0.08253988880328438
2022-01-31,momentum_126,0.041051941774150454
2022-01-31,rsi_14,0.03900814756190023
2022-01-31,momentum_21,0.03146988028853431
2022-02-28,momentum_63,0.29422056045344536
2022-02-28,volatility_63,0.18515223829440142
2022-02-28,momentum_252,0.13495227591863826
2022-02-28,drawdown_63,0.09907127677214583
2022-02-28,volatility_21,0.09706097233216225
2022-02-28,ma_spread_50_200,0.07666947054838841
2022-02-28,rsi_14,0.04036503898571274
2022-02-28,momentum_126,0.03993527958197468
2022-02-28,momentum_21,0.03257288711313097
2022-03-31,momentum_63,0.29466231005293786
2022-03-31,volatility_63,0.19018554320896924
2022-03-31,momentum_252,0.13361733951503374
2022-03-31,drawdown_63,0.10244372409380871
2022-03-31,volatility_21,0.09093634071528463
2022-03-31,ma_spread_50_200,0.07919177583685941
2022-03-31,rsi_14,0.04077348868042679
2022-03-31,momentum_126,0.03883665393533317
2022-03-31,momentum_21,0.029352823961346527
2022-04-29,momentum_63,0.29093580060289215
2022-04-29,volatility_63,0.19916582101313948
2022-04-29,momentum_252,0.12598562595472937
2022-04-29,drawdown_63,0.10443688543545464
2022-04-29,volatility_21,0.09208330591651116
2022-04-29,ma_spread_50_200,0.08482716194143844
2022-04-29,rsi_14,0.03829325456128689
2022-04-29,momentum_126,0.03370228748549657
2022-04-29,momentum_21,0.030569857089051387
2022-05-31,momentum_63,0.2984490520769276
2022-05-31,volatility_63,0.18165386678210071
2022-05-31,momentum_252,0.13781152995546195
2022-05-31,drawdown_63,0.11158479520036871
2022-05-31,ma_spread_50_200,0.08942340974887819
2022-05-31,volatility_21,0.0845756353937202
2022-05-31,rsi_14,0.0374938356584076
2022-05-31,momentum_126,0.030163459831890515
2022-05-31,momentum_21,0.028844415352244433
2022-06-30,momentum_63,0.28680492524082263
2022-06-30,volatility_63,0.17673534375856573
2022-06-30,momentum_252,0.1400004726339588
2022-06-30,drawdown_63,0.11907138354651742
2022-06-30,ma_spread_50_200,0.09855686847403149
2022-06-30,volatility_21,0.08416862193785424
2022-06-30,momentum_126,0.03262280631042933
2022-06-30,rsi_14,0.032340862610385705
2022-06-30,momentum_21,0.029698715487434666
2022-07-29,momentum_63,0.3138625393926584
2022-07-29,volatility_63,0.1640886087775028
2022-07-29,momentum_252,0.14250040528119218
2022-07-29,ma_spread_50_200,0.11165561075978886
2022-07-29,drawdown_63,0.10784161236975515
2022-07-29,volatility_21,0.07267415825653738
2022-07-29,rsi_14,0.030085378140828505
2022-07-29,momentum_126,0.028646099083051307
2022-07-29,momentum_21,0.028645587938685522
2022-08-31,momentum_63,0.33186975517219985
2022-08-31,volatility_63,0.17069650850234763
2022-08-31,momentum_252,0.13718358335735448
2022-08-31,ma_spread_50_200,0.09691327845379522
2022-08-31,volatility_21,0.08583492778041653
2022-08-31,drawdown_63,0.08469142454520656
2022-08-31,momentum_21,0.03505445280491816
2022-08-31,rsi_14,0.03275610108579924
2022-08-31,momentum_126,0.02499996829796238
2022-09-30,momentum_63,0.33722803791079975
2022-09-30,volatility_63,0.15845419516480194
2022-09-30,ma_spread_50_200,0.14371041645998078
2022-09-30,momentum_252,0.13709863264100627
2022-09-30,drawdown_63,0.09172651553038108
2022-09-30,volatility_21,0.05820240520548369
2022-09-30,rsi_14,0.029299301254167947
2022-09-30,momentum_21,0.026847388749171936
2022-09-30,momentum_126,0.017433107084206624
2022-10-31,momentum_63,0.3508425480007087
2022-10-31,ma_spread_50_200,0.16259573918343784
2022-10-31,volatility_63,0.15210341445640385
2022-10-31,momentum_252,0.13557256650951513
2022-10-31,drawdown_63,0.0764314286496982
2022-10-31,volatility_21,0.05566900257723322
2022-10-31,rsi_14,0.027930358336424738
2022-10-31,momentum_21,0.022906565201663055
2022-10-31,momentum_126,0.01594837708491516
2022-11-30,momentum_63,0.3190575524394172
2022-11-30,volatility_63,0.16079601568602367
2022-11-30,ma_spread_50_200,0.14327839364620062
2022-11-30,momentum_252,0.12921983730495204
2022-11-30,drawdown_63,0.11247887715072473
2022-11-30,volatility_21,0.05672611849787714
2022-11-30,rsi_14,0.030659769624383586
2022-11-30,momentum_21,0.02945728628292167
2022-11-30,momentum_126,0.018326149367499378
2022-12-30,momentum_63,0.3577827386272296
2022-12-30,ma_spread_50_200,0.14535230335418217
2022-12-30,volatility_63,0.1448550821273882
2022-12-30,momentum_252,0.14050634538982432
2022-12-30,drawdown_63,0.08727439947213081
2022-12-30,volatility_21,0.050575485226691724
2022-12-30,rsi_14,0.03324181506698441
2022-12-30,momentum_21,0.02505036051101975
2022-12-30,momentum_126,0.015361470224548894
2023-01-31,momentum_63,0.35787898970381593
2023-01-31,volatility_63,0.15263259697483542
2023-01-31,momentum_252,0.13920168846080863
2023-01-31,ma_spread_50_200,0.13651294169652492
2023-01-31,drawdown_63,0.0776440127901842
2023-01-31,volatility_21,0.05864778861063814
2023-01-31,rsi_14,0.036998334111897485
2023-01-31,momentum_21,0.02542153084747303
2023-01-31,momentum_126,0.015062116803822271
2023-02-28,momentum_63,0.34732497994431066
2023-02-28,volatility_63,0.1613027379444837
2023-02-28,momentum_252,0.1424174246886801
2023-02-28,ma_spread_50_200,0.12745893184862003
2023-02-28,drawdown_63,0.07709837917292758
2023-02-28,volatility_21,0.06398177344757605
2023-02-28,rsi_14,0.03494973444492999
2023-02-28,momentum_21,0.03036394423408968
2023-02-28,momentum_126,0.015102094274382237
2023-03-31,momentum_63,0.3474286574372217
2023-03-31,volatility_63,0.1554416925994968
2023-03-31,momentum_252,0.14408792750667423
2023-03-31,ma_spread_50_200,0.13412827285843387
2023-03-31,drawdown_63,0.08037301326313784
2023-03-31,volatility_21,0.05864586395728594
2023-03-31,momentum_21,0.03260541707502498
2023-03-31,rsi_14,0.03197906631609695
2023-03-31,momentum_126,0.015310088986627553
2023-04-28,momentum_63,0.35086468721033826
2023-04-28,volatility_63,0.16498702434564885
2023-04-28,momentum_252,0.140004468145186
2023-04-28,ma_spread_50_200,0.1276426845585049
2023-04-28,drawdown_63,0.07711313936741387
2023-04-28,volatility_21,0.06012479273566031
2023-04-28,rsi_14,0.033539442189014154
2023-04-28,momentum_21,0.030745730179535784
2023-04-28,momentum_126,0.014978031268697813
2023-05-31,momentum_63,0.33967537517403124
2023-05-31,volatility_63,0.15138729367378398
2023-05-31,momentum_252,0.14215884072951063
2023-05-31,ma_spread_50_200,0.13579921658228142
2023-05-31,drawdown_63,0.09105031688162847
2023-05-31,volatility_21,0.06006848923812175
2023-05-31,rsi_14,0.033297592422204016
2023-05-31,momentum_21,0.03130726826082874
2023-05-31,momentum_126,0.01525560703760988
2023-06-30,momentum_63,0.3609866199390959
2023-06-30,volatility_63,0.14882909895659335
2023-06-30,momentum_252,0.1453172648904153
2023-06-30,ma_spread_50_200,0.13849301893862132
2023-06-30,drawdown_63,0.0680136973085611
2023-06-30,volatility_21,0.05893757235908715
2023-06-30,rsi_14,0.033646080453316074
2023-06-30,momentum_21,0.03139904796982482
2023-06-30,momentum_126,0.014377599184485059
2023-07-31,momentum_63,0.3338476814048714
2023-07-31,volatility_63,0.1551987301414748
2023-07-31,momentum_252,0.13954023714072009
2023-07-31,ma_spread_50_200,0.13801270720073122
2023-07-31,drawdown_63,0.09338870789393786
2023-07-31,volatility_21,0.06072571319562179
2023-07-31,rsi_14,0.034564636403425074
2023-07-31,momentum_21,0.02926158365980171
2023-07-31,momentum_126,0.01546000295941602
2023-08-31,momentum_63,0.3428011454704749
2023-08-31,volatility_63,0.1568760865581421
2023-08-31,momentum_252,0.14127028148025964
2023-08-31,ma_spread_50_200,0.13536616590925973
2023-08-31,drawdown_63,0.0828866500243694
2023-08-31,volatility_21,0.061590988924857405
2023-08-31,rsi_14,0.03546441495681605
2023-08-31,momentum_21,0.029885924339596585
2023-08-31,momentum_126,0.013858342336224254
2023-09-29,momentum_63,0.3376983425849133
2023-09-29,volatility_63,0.15669340898913206
2023-09-29,momentum_252,0.13727428214396695
2023-09-29,ma_spread_50_200,0.13260983493535977
2023-09-29,drawdown_63,0.09053595992298032
2023-09-29,volatility_21,0.0635711538992644
2023-09-29,rsi_14,0.03537524854384788
2023-09-29,momentum_21,0.030960700594308225
2023-09-29,momentum_126,0.015281068386227135
2023-10-31,momentum_63,0.3424456892005913
2023-10-31,volatility_63,0.15922573219137584
2023-10-31,momentum_252,0.13960076193940066
2023-10-31,ma_spread_50_200,0.1342695924089869
2023-10-31,drawdown_63,0.08768948732288144
2023-10-31,volatility_21,0.06028009433430722
2023-10-31,rsi_14,0.034160567346191016
2023-10-31,momentum_21,0.027308269658580655
2023-10-31,momentum_126,0.015019805597684779
2023-11-30,momentum_63,0.36280441036565
2023-11-30,volatility_63,0.15452462327250852
2023-11-30,momentum_252,0.1348447743405732
2023-11-30,ma_spread_50_200,0.12941307538522903
2023-11-30,drawdown_63,0.07333221580241919
2023-11-30,volatility_21,0.06396127729583743
2023-11-30,rsi_14,0.03562857113181373
2023-11-30,momentum_21,0.030999663693232236
2023-11-30,momentum_126,0.014491388712736674
2023-12-29,momentum_63,0.3664496386092918
2023-12-29,volatility_63,0.15405263020368737
2023-12-29,momentum_252,0.14093834982026804
2023-12-29,ma_spread_50_200,0.12359049599993241
2023-12-29,drawdown_63,0.07003336847696613
2023-12-29,volatility_21,0.06776779091029438
2023-12-29,rsi_14,0.0338655471347196
2023-12-29,momentum_21,0.02925249907920603
2023-12-29,momentum_126,0.014049679765634366
