date,ticker,predicted_forward_return
2011-05-31,SPY,0.031793810249083954
2011-05-31,QQQ,0.03254905472853493
2011-05-31,IWM,0.026419283883868785
2011-05-31,TLT,0.009805572936778932
2011-05-31,GLD,0.030421463573897523
2011-05-31,EFA,-0.021279230687009355
2011-05-31,EEM,-0.015900828155866898
2011-05-31,VNQ,-0.0031802861389065872
2011-05-31,XLE,0.014566974387023585
2011-05-31,XLK,0.03253186387480064
2011-06-30,SPY,0.04013809643551162
2011-06-30,QQQ,0.04021396921758052
2011-06-30,IWM,-0.004171280027014912
2011-06-30,TLT,0.02134142915823892
2011-06-30,GLD,-0.0019291909745747296
2011-06-30,EFA,0.035465926207906985
2011-06-30,EEM,-0.025052646879733336
2011-06-30,VNQ,-0.0023004814261781787
2011-06-30,XLE,-0.01883462510145065
2011-06-30,XLK,0.03994345454103401
2011-07-29,SPY,0.020787923355985935
2011-07-29,QQQ,0.0095352099660329
2011-07-29,IWM,0.0316422782176854
2011-07-29,TLT,0.011809147474225398
2011-07-29,GLD,-0.0027167822359056735
2011-07-29,EFA,0.031599963510244404
2011-07-29,EEM,-0.0016981259649200787
2011-07-29,VNQ,-0.00019990802915031123
2011-07-29,XLE,0.003987929430482475
2011-07-29,XLK,0.008253988649671536
2011-08-31,SPY,-0.03638278581929348
2011-08-31,QQQ,-0.07343246771920903
2011-08-31,IWM,-0.039813927309990005
2011-08-31,TLT,-0.05533872334341827
2011-08-31,GLD,-0.06871553734081569
2011-08-31,EFA,-0.03972204349832675
2011-08-31,EEM,-0.039813927309990005
2011-08-31,VNQ,-0.03872945636451494
2011-08-31,XLE,-0.03873743989787178
2011-08-31,XLK,-0.040478730820306646
2011-09-30,SPY,-0.018831448670940436
2011-09-30,QQQ,-0.04461764207418044
2011-09-30,IWM,-0.027518916070633878
2011-09-30,TLT,-0.03658143375521646
2011-09-30,GLD,0.011503227270664919
2011-09-30,EFA,-0.03587899727060772
2011-09-30,EEM,-0.012723252716449418
2011-09-30,VNQ,-0.04179526053188367
2011-09-30,XLE,-0.0175058063625611
2011-09-30,XLK,-0.04674285917153523
2011-10-31,SPY,0.013185169640114139
2011-10-31,QQQ,0.015435571308426651
2011-10-31,IWM,-0.044058754260713755
2011-10-31,TLT,-0.01103845415528088
2011-10-31,GLD,-0.02132483248496569
2011-10-31,EFA,0.030348464468115087
2011-10-31,EEM,0.027592568350124504
2011-10-31,VNQ,0.01695238480507365
2011-10-31,XLE,-0.04483253735707461
2011-10-31,XLK,0.022318307489364385
2011-11-30,SPY,0.02015398661238962
2011-11-30,QQQ,0.01917311633256181
2011-11-30,IWM,0.027438604219785525
2011-11-30,TLT,-0.00788193473886834
2011-11-30,GLD,-0.047356335595855795
2011-11-30,EFA,0.026920164593965186
2011-11-30,EEM,0.025291438789350175
2011-11-30,VNQ,0.009639047271749088
2011-11-30,XLE,0.01177586081096954
2011-11-30,XLK,0.01789978565711277
2011-12-30,SPY,0.016812611540018677
2011-12-30,QQQ,0.024692290437856
2011-12-30,IWM,0.02314886161208073
2011-12-30,TLT,-0.09120909892707442
2011-12-30,GLD,0.021407654636010253
2011-12-30,EFA,0.03176542838889359
2011-12-30,EEM,0.034417814911996775
2011-12-30,VNQ,-0.009739332510790642
2011-12-30,XLE,0.029299880537400805
2011-12-30,XLK,0.02856896436050235
2012-01-31,SPY,0.020493265897745052
2012-01-31,QQQ,0.019904482529464446
2012-01-31,IWM,0.020105847176612176
2012-01-31,TLT,-0.0009650243214848585
2012-01-31,GLD,-0.10809460393682481
2012-01-31,EFA,0.006193632138913746
2012-01-31,EEM,0.008676122228813938
2012-01-31,VNQ,0.005320491000559106
2012-01-31,XLE,0.017617744710232818
2012-01-31,XLK,0.021516309422886164
2012-02-29,SPY,0.027020620095494496
2012-02-29,QQQ,0.01769774712357716
2012-02-29,IWM,0.06038018199347333
2012-02-29,TLT,0.010594630707613
2012-02-29,GLD,-0.001764081615313069
2012-02-29,EFA,0.056534747046533364
2012-02-29,EEM,0.056534747046533364
2012-02-29,VNQ,0.027213614816974332
2012-02-29,XLE,0.06121190420696161
2012-02-29,XLK,0.017648419308694995
2012-03-30,SPY,0.02789654603091544
2012-03-30,QQQ,0.010635089566193539
2012-03-30,IWM,0.034995857914076896
2012-03-30,TLT,-0.005655071880377416
2012-03-30,GLD,0.013113530451572512
2012-03-30,EFA,0.040636669307329544
2012-03-30,EEM,0.041697059014541175
2012-03-30,VNQ,0.022958348809194364
2012-03-30,XLE,0.04164678113209852
2012-03-30,XLK,0.010673830443228463
2012-04-30,SPY,0.024845247449025276
2012-04-30,QQQ,0.025664867339445514
2012-04-30,IWM,0.02716803345670362
2012-04-30,TLT,-0.1024589672932281
2012-04-30,GLD,0.02181134542668873
2012-04-30,EFA,0.030768764791679205
2012-04-30,EEM,0.03268445397695186
2012-04-30,VNQ,0.023513738333422966
2012-04-30,XLE,0.023918094398833703
2012-04-30,XLK,0.025664867339445514
2012-05-31,SPY,0.015515633342695446
2012-05-31,QQQ,0.015542438633456964
2012-05-31,IWM,-0.031192935812497116
2012-05-31,TLT,-0.052979546825882885
2012-05-31,GLD,0.01715963859993249
2012-05-31,EFA,-0.02328038322946986
2012-05-31,EEM,-0.001500881519858289
2012-05-31,VNQ,0.01501517632176286
2012-05-31,XLE,-0.027459756235630798
2012-05-31,XLK,0.015735111727242394
2012-06-29,SPY,0.0005812303612409303
2012-06-29,QQQ,-0.0026168612480973017
2012-06-29,IWM,-0.0022576455940698714
2012-06-29,TLT,-0.0038707808924633843
2012-06-29,GLD,0.0014147488879238258
2012-06-29,EFA,0.006147888491969342
2012-06-29,EEM,0.023377502400574894
2012-06-29,VNQ,0.005147705179794065
2012-06-29,XLE,0.02136717204331681
2012-06-29,XLK,-0.0004095178378227661
2012-07-31,SPY,0.010358983889056664
2012-07-31,QQQ,0.007553147360478845
2012-07-31,IWM,0.009908431163700979
2012-07-31,TLT,0.004830894038307512
2012-07-31,GLD,0.010763592869079176
2012-07-31,EFA,0.01369008723736593
2012-07-31,EEM,0.021770781913948888
2012-07-31,VNQ,0.007666609659055852
2012-07-31,XLE,0.013262221794085715
2012-07-31,XLK,0.004839426086967492
2012-08-31,SPY,0.0012280300649221301
2012-08-31,QQQ,-0.007614770187808483
2012-08-31,IWM,0.0029364855107486994
2012-08-31,TLT,-0.009549370133040363
2012-08-31,GLD,-0.0035812452529750648
2012-08-31,EFA,0.017408031201230568
2012-08-31,EEM,0.020799201444143434
2012-08-31,VNQ,0.006329446628795536
2012-08-31,XLE,0.019322978657778718
2012-08-31,XLK,0.004324004928893405
2012-09-28,SPY,0.0027556651908175528
2012-09-28,QQQ,0.004856987748204854
2012-09-28,IWM,0.004081735814001105
2012-09-28,TLT,0.013889632286665555
2012-09-28,GLD,0.019699814131535747
2012-09-28,EFA,0.01932930152642462
2012-09-28,EEM,0.014174972029830384
2012-09-28,VNQ,-0.007781655695077374
2012-09-28,XLE,0.003504943560640982
2012-09-28,XLK,0.004434630283627583
2012-10-31,SPY,0.015518434132012343
2012-10-31,QQQ,0.012472529973673426
2012-10-31,IWM,0.018928832131289867
2012-10-31,TLT,0.010854942722800591
2012-10-31,GLD,0.018775863857988597
2012-10-31,EFA,0.013838726228999268
2012-10-31,EEM,0.015195511953759455
2012-10-31,VNQ,0.023103137570404563
2012-10-31,XLE,0.00887904237961882
2012-10-31,XLK,0.012229460379996665
2012-11-30,SPY,-0.01210799216502897
2012-11-30,QQQ,0.008995326610944071
2012-11-30,IWM,-0.011192764247060368
2012-11-30,TLT,0.017062842626567803
2012-11-30,GLD,0.0058477829775950285
2012-11-30,EFA,-0.0029586596281017683
2012-11-30,EEM,0.007174500767377092
2012-11-30,VNQ,0.003825955233526986
2012-11-30,XLE,0.010915550437196175
2012-11-30,XLK,-0.0022852908338402973
2012-12-31,SPY,-0.0067267347300677
2012-12-31,QQQ,0.0015631363829147356
2012-12-31,IWM,-0.004214499927417252
2012-12-31,TLT,0.01937765022283847
2012-12-31,GLD,0.022254375491638834
2012-12-31,EFA,-0.0016762320194327386
2012-12-31,EEM,-0.0016017092648933967
2012-12-31,VNQ,-0.01413014585663032
2012-12-31,XLE,0.01826164726401904
2012-12-31,XLK,0.010387951219497675
2013-01-31,SPY,0.01257077131279008
2013-01-31,QQQ,0.01945611712381784
2013-01-31,IWM,0.009682707696069619
2013-01-31,TLT,0.023675380235567478
2013-01-31,GLD,0.01280858321358828
2013-01-31,EFA,0.001307221994100291
2013-01-31,EEM,0.011186815106481321
2013-01-31,VNQ,0.018051612123382913
2013-01-31,XLE,0.013375944247991454
2013-01-31,XLK,0.01945611712381784
2013-02-28,SPY,0.0073405508932319445
2013-02-28,QQQ,0.017420878541004183
2013-02-28,IWM,0.007282231629535268
2013-02-28,TLT,0.01763776363015217
2013-02-28,GLD,0.016027462507492762
2013-02-28,EFA,0.007216294043766189
2013-02-28,EEM,0.00617799971641498
2013-02-28,VNQ,0.006344480275898762
2013-02-28,XLE,0.007282231629535268
2013-02-28,XLK,0.017548948960548687
2013-03-28,SPY,0.009713157961380942
2013-03-28,QQQ,0.015579295401772084
2013-03-28,IWM,0.009642661449329066
2013-03-28,TLT,0.01550486843631429
2013-03-28,GLD,0.0065333346424468666
2013-03-28,EFA,0.009576215283434664
2013-03-28,EEM,0.008234073717173638
2013-03-28,VNQ,0.009250862897860007
2013-03-28,XLE,0.009774882004275417
2013-03-28,XLK,0.015579295401772084
2013-04-30,SPY,0.00988382643122823
2013-04-30,QQQ,0.012958307933063027
2013-04-30,IWM,0.0065458190359999925
2013-04-30,TLT,0.012958307933063027
2013-04-30,GLD,0.0365292662067293
2013-04-30,EFA,0.004389063107455639
2013-04-30,EEM,0.012958307933063027
2013-04-30,VNQ,0.004182145606150956
2013-04-30,XLE,0.011586098517823948
2013-04-30,XLK,0.012958307933063027
2013-05-31,SPY,0.0013510937845767085
2013-05-31,QQQ,0.007914651442423305
2013-05-31,IWM,0.0031596629435841944
2013-05-31,TLT,-0.005307700205155642
2013-05-31,GLD,0.03648067080495018
2013-05-31,EFA,0.016551278831788255
2013-05-31,EEM,0.013885363800729177
2013-05-31,VNQ,0.017563162381938283
2013-05-31,XLE,0.0006381986509985078
2013-05-31,XLK,0.013999393041735341
2013-06-28,SPY,-0.0017122918983635124
2013-06-28,QQQ,0.012807761677128294
2013-06-28,IWM,-0.003615848319065397
2013-06-28,TLT,-0.010308234389339775
2013-06-28,GLD,0.10325183463028177
2013-06-28,EFA,0.03430372362735132
2013-06-28,EEM,0.016308305608836948
2013-06-28,VNQ,0.01534473044107412
2013-06-28,XLE,0.006863596878700135
2013-06-28,XLK,0.012807761677128294
2013-07-31,SPY,-0.0022862301877317583
2013-07-31,QQQ,0.0035481134487186884
2013-07-31,IWM,-0.0008391772865868576
2013-07-31,TLT,-0.006575856003294557
2013-07-31,GLD,-0.015996482088046157
2013-07-31,EFA,-0.017032871277270642
2013-07-31,EEM,0.02647528274438351
2013-07-31,VNQ,0.01301758269778576
2013-07-31,XLE,0.00337472572033672
2013-07-31,XLK,0.012882062367690062
2013-08-30,SPY,0.005589869284788384
2013-08-30,QQQ,0.012204410542268151
2013-08-30,IWM,0.004499873008413305
2013-08-30,TLT,-0.006540407837125498
2013-08-30,GLD,0.012437038906810666
2013-08-30,EFA,0.011599988546844334
2013-08-30,EEM,0.020596830638926672
2013-08-30,VNQ,0.013475828776917309
2013-08-30,XLE,0.012204410542268151
2013-08-30,XLK,0.012165043467752778
2013-09-30,SPY,0.007203956404119975
2013-09-30,QQQ,0.01156655894502036
2013-09-30,IWM,-0.004556100501891266
2013-09-30,TLT,-0.006371536375237962
2013-09-30,GLD,0.01361256200598337
2013-09-30,EFA,-0.0037254760583965395
2013-09-30,EEM,0.022642930535070282
2013-09-30,VNQ,0.011623692881503675
2013-09-30,XLE,0.011685677723063715
2013-09-30,XLK,0.011685677723063715
2013-10-31,SPY,-0.00208137459390823
2013-10-31,QQQ,-0.0024896013620428225
2013-10-31,IWM,-0.0015429087013804465
2013-10-31,TLT,-0.002187003137358699
2013-10-31,GLD,0.008837164809842105
2013-10-31,EFA,-0.0018335811827592807
2013-10-31,EEM,0.011572080015198338
2013-10-31,VNQ,0.011852705548988339
2013-10-31,XLE,0.0006127529295117228
2013-10-31,XLK,0.007425820201654498
2013-11-29,SPY,-0.002249524708933665
2013-11-29,QQQ,-0.0027436736263015023
2013-11-29,IWM,-0.0029187177142442327
2013-11-29,TLT,-0.001280121389408692
2013-11-29,GLD,0.0022502692554350933
2013-11-29,EFA,0.0019496827500712773
2013-11-29,EEM,0.011303583505022873
2013-11-29,VNQ,0.015992286123277744
2013-11-29,XLE,0.005220699416451781
2013-11-29,XLK,0.005731952254190045
2013-12-31,SPY,-0.0003006801844486446
2013-12-31,QQQ,1.846706918453662e-06
2013-12-31,IWM,0.0002861290648656058
2013-12-31,TLT,-0.002212979849585912
2013-12-31,GLD,-0.0016799657296987858
2013-12-31,EFA,0.005526212228609565
2013-12-31,EEM,-0.001646315365059454
2013-12-31,VNQ,0.010562858079032799
2013-12-31,XLE,0.0011295733486461842
2013-12-31,XLK,0.0011295733486461842
2014-01-31,SPY,0.005980476236489812
2014-01-31,QQQ,0.004740891741233732
2014-01-31,IWM,0.006276234538710113
2014-01-31,TLT,-0.002064119881163755
2014-01-31,GLD,-0.0019338255862719682
2014-01-31,EFA,0.013757866303716379
2014-01-31,EEM,0.005241645005279965
2014-01-31,VNQ,0.010637863981957707
2014-01-31,XLE,0.014566594622684427
2014-01-31,XLK,0.008866684203709825
2014-02-28,SPY,-0.0004731228407377388
2014-02-28,QQQ,-0.000857006485142298
2014-02-28,IWM,-0.0010747140423276868
2014-02-28,TLT,9.01881941383337e-05
2014-02-28,GLD,0.00017273533585888102
2014-02-28,EFA,0.007766405040079956
2014-02-28,EEM,-0.00098805129937268
2014-02-28,VNQ,0.011292672372323176
2014-02-28,XLE,0.011252681993841267
2014-02-28,XLK,-0.0004731228407377388
2014-03-31,SPY,0.0048810699567118235
2014-03-31,QQQ,0.009369354585543619
2014-03-31,IWM,0.010040825535630252
2014-03-31,TLT,0.0037188456397558626
2014-03-31,GLD,0.004349672381478834
2014-03-31,EFA,0.008962115452454936
2014-03-31,EEM,0.009362021608857822
2014-03-31,VNQ,0.011138231560299434
2014-03-31,XLE,0.011138231560299434
2014-03-31,XLK,0.0069260888738262374
2014-04-30,SPY,0.009222405274733324
2014-04-30,QQQ,0.01292079471409672
2014-04-30,IWM,0.013650172733449982
2014-04-30,TLT,0.0038842411484332835
2014-04-30,GLD,0.00457632229415119
2014-04-30,EFA,0.011948733290349609
2014-04-30,EEM,0.005634662226006836
2014-04-30,VNQ,0.011948733290349609
2014-04-30,XLE,0.004200840250296863
2014-04-30,XLK,0.009985624051946824
2014-05-30,SPY,0.010380308494459374
2014-05-30,QQQ,-0.005321946063020925
2014-05-30,IWM,0.011930582314413497
2014-05-30,TLT,0.011930582314413497
2014-05-30,GLD,0.005577687429514067
2014-05-30,EFA,0.011864695910263926
2014-05-30,EEM,0.011930582314413497
2014-05-30,VNQ,0.011930582314413497
2014-05-30,XLE,0.010468796141990038
2014-05-30,XLK,0.009851464704336841
2014-06-30,SPY,-0.00011944876674438891
2014-06-30,QQQ,-0.001999000508951279
2014-06-30,IWM,-0.004065762320872784
2014-06-30,TLT,0.01223997664653018
2014-06-30,GLD,0.01211940661592714
2014-06-30,EFA,0.0004969940625218617
2014-06-30,EEM,0.01215637991687001
2014-06-30,VNQ,0.01223997664653018
2014-06-30,XLE,-0.001567912231158486
2014-06-30,XLK,-0.000882423638523618
2014-07-31,SPY,0.012428703458245682
2014-07-31,QQQ,0.009502073113670113
2014-07-31,IWM,0.01650621117068444
2014-07-31,TLT,0.012428703458245682
2014-07-31,GLD,0.007163614671069323
2014-07-31,EFA,0.012428703458245682
2014-07-31,EEM,0.012428703458245682
2014-07-31,VNQ,0.012428703458245682
2014-07-31,XLE,0.011304198669611385
2014-07-31,XLK,0.005079731052906457
2014-08-29,SPY,0.0005962747253853596
2014-08-29,QQQ,-0.0002648249756723398
2014-08-29,IWM,0.011866456472730002
2014-08-29,TLT,0.012219420632515958
2014-08-29,GLD,0.006390460485349266
2014-08-29,EFA,0.012260159243392802
2014-08-29,EEM,0.009832808548031343
2014-08-29,VNQ,0.0010094220681714655
2014-08-29,XLE,0.0013864160261783003
2014-08-29,XLK,0.000511890873977572
2014-09-30,SPY,0.010775102081925225
2014-09-30,QQQ,0.009639079653912645
2014-09-30,IWM,0.015698246645223665
2014-09-30,TLT,0.012128037221418229
2014-09-30,GLD,0.007813049495688153
2014-09-30,EFA,0.01203357484792151
2014-09-30,EEM,0.018555699398647256
2014-09-30,VNQ,0.01604218420949605
2014-09-30,XLE,0.017596212072383783
2014-09-30,XLK,0.006104539155111494
2014-10-31,SPY,0.010935071578129136
2014-10-31,QQQ,-0.0005070146017907236
2014-10-31,IWM,0.009626917207326228
2014-10-31,TLT,0.010935071578129136
2014-10-31,GLD,0.003971345412465685
2014-10-31,EFA,0.009504322334340681
2014-10-31,EEM,0.010935071578129136
2014-10-31,VNQ,0.0072910961886880395
2014-10-31,XLE,0.010519613821601265
2014-10-31,XLK,0.000412067028226794
2014-11-28,SPY,0.010320699119288308
2014-11-28,QQQ,-0.001163795367561489
2014-11-28,IWM,0.010134412569256878
2014-11-28,TLT,0.007632334620545243
2014-11-28,GLD,0.007332439918242016
2014-11-28,EFA,0.010134412569256878
2014-11-28,EEM,0.010242273348536536
2014-11-28,VNQ,-0.0010643613695823064
2014-11-28,XLE,0.036725464737009945
2014-11-28,XLK,-0.001028553624814215
2014-12-31,SPY,0.008877677057134947
2014-12-31,QQQ,0.007439200139288704
2014-12-31,IWM,0.008877677057134947
2014-12-31,TLT,9.27546717231269e-05
2014-12-31,GLD,0.007486627443971093
2014-12-31,EFA,0.007701339147534113
2014-12-31,EEM,0.007814625387982485
2014-12-31,VNQ,-0.00014875166736817626
2014-12-31,XLE,0.01508893732037834
2014-12-31,XLK,0.008647973131610706
2015-01-30,SPY,0.009244575701805112
2015-01-30,QQQ,0.007845162587937243
2015-01-30,IWM,0.00893854344219106
2015-01-30,TLT,0.0010088508387401593
2015-01-30,GLD,0.013174147936751594
2015-01-30,EFA,0.008278345691521829
2015-01-30,EEM,0.0082662292356687
2015-01-30,VNQ,0.0007140447622357601
2015-01-30,XLE,0.011304618835123742
2015-01-30,XLK,0.01799456165782648
2015-02-27,SPY,0.00877373795602783
2015-02-27,QQQ,0.0041700053493210765
2015-02-27,IWM,0.008810639963469011
2015-02-27,TLT,0.020859255014842756
2015-02-27,GLD,0.016602385693141028
2015-02-27,EFA,0.008476439662576685
2015-02-27,EEM,0.008819260181397342
2015-02-27,VNQ,0.029891214373744184
2015-02-27,XLE,0.009964491028082884
2015-02-27,XLK,0.006432275346001327
2015-03-31,SPY,0.008959839784819616
2015-03-31,QQQ,0.005953991032237424
2015-03-31,IWM,0.009092571569170137
2015-03-31,TLT,0.0019782708706083544
2015-03-31,GLD,0.008439766720595461
2015-03-31,EFA,0.008803146640496815
2015-03-31,EEM,0.008924514114637353
2015-03-31,VNQ,0.002378815674682219
2015-03-31,XLE,0.011990269685203048
2015-03-31,XLK,0.015527359984429211
2015-04-30,SPY,0.009532743922468327
2015-04-30,QQQ,0.0013561220185267626
2015-04-30,IWM,0.009532743922468327
2015-04-30,TLT,0.009516328505390031
2015-04-30,GLD,0.008506489236325649
2015-04-30,EFA,0.009446450758890714
2015-04-30,EEM,0.009155657635837209
2015-04-30,VNQ,0.024703070459302444
2015-04-30,XLE,0.008792871148475618
2015-04-30,XLK,0.00754091337731533
2015-05-29,SPY,0.009295836424874387
2015-05-29,QQQ,0.001129363868323668
2015-05-29,IWM,0.009295836424874387
2015-05-29,TLT,0.00919280307271838
2015-05-29,GLD,0.008070042750761789
2015-05-29,EFA,0.009223853302709629
2015-05-29,EEM,0.02350789833820482
2015-05-29,VNQ,0.00919280307271838
2015-05-29,XLE,0.016330142026120424
2015-05-29,XLK,0.009295836424874387
2015-06-30,SPY,0.008530070766079019
2015-06-30,QQQ,0.00861957574670116
2015-06-30,IWM,0.008530070766079019
2015-06-30,TLT,0.009179470097152163
2015-06-30,GLD,0.007581644326986748
2015-06-30,EFA,0.007629389976231606
2015-06-30,EEM,0.0077176687269928275
2015-06-30,VNQ,0.01638596254309817
2015-06-30,XLE,0.007252963279930541
2015-06-30,XLK,0.011614684392014818
2015-07-31,SPY,0.007910903229336613
2015-07-31,QQQ,0.006745611285288244
2015-07-31,IWM,0.007910903229336613
2015-07-31,TLT,0.006556499030226287
2015-07-31,GLD,0.011452662249853697
2015-07-31,EFA,0.007713307831845889
2015-07-31,EEM,0.020306958427113112
2015-07-31,VNQ,0.007635656256748838
2015-07-31,XLE,0.020571022162144518
2015-07-31,XLK,0.00776153167116644
2015-08-31,SPY,0.024995560259796337
2015-08-31,QQQ,0.02633396387082022
2015-08-31,IWM,0.02483584196965673
2015-08-31,TLT,0.006606960151972694
2015-08-31,GLD,0.003514681695919378
2015-08-31,EFA,0.010683100646417412
2015-08-31,EEM,0.014631328609842583
2015-08-31,VNQ,0.025097582612853244
2015-08-31,XLE,0.011563695487571524
2015-08-31,XLK,0.023170887137750156
2015-09-30,SPY,0.00401740575005887
2015-09-30,QQQ,0.017130764800969575
2015-09-30,IWM,0.00947712140057797
2015-09-30,TLT,0.005145340185203192
2015-09-30,GLD,-0.0013472608283816752
2015-09-30,EFA,0.00725496076834016
2015-09-30,EEM,0.009718694187840491
2015-09-30,VNQ,0.004853017023377878
2015-09-30,XLE,0.008397676269698449
2015-09-30,XLK,0.017130764800969575
2015-10-30,SPY,0.009399819846540217
2015-10-30,QQQ,0.011060097860580202
2015-10-30,IWM,0.008858099976742903
2015-10-30,TLT,0.005722902568349564
2015-10-30,GLD,0.0004332073067687433
2015-10-30,EFA,0.002057300398517294
2015-10-30,EEM,0.007986979693247045
2015-10-30,VNQ,0.002608905111134104
2015-10-30,XLE,0.007300044613518825
2015-10-30,XLK,0.011491612995350274
2015-11-30,SPY,0.005524936645839316
2015-11-30,QQQ,0.005524936645839316
2015-11-30,IWM,0.003930268500956794
2015-11-30,TLT,0.005570081063233353
2015-11-30,GLD,-0.0008453049276572365
2015-11-30,EFA,0.003741024357956024
2015-11-30,EEM,0.023208497216572397
2015-11-30,VNQ,0.005675309369272339
2015-11-30,XLE,0.023208497216572397
2015-11-30,XLK,0.005524936645839316
2015-12-31,SPY,0.006149700245978806
2015-12-31,QQQ,0.005978550127447829
2015-12-31,IWM,0.017169104690780312
2015-12-31,TLT,0.0047476252350297935
2015-12-31,GLD,-0.0008248294971591945
2015-12-31,EFA,0.00719260672435678
2015-12-31,EEM,-0.0011875881721080694
2015-12-31,VNQ,0.005424855638247288
2015-12-31,XLE,0.013836094311116104
2015-12-31,XLK,0.006357625687543262
2016-01-29,SPY,0.023187782312474703
2016-01-29,QQQ,0.02571289436751539
2016-01-29,IWM,-0.0015310699568536316
2016-01-29,TLT,-0.005348013468746966
2016-01-29,GLD,-0.003911369172654167
2016-01-29,EFA,-0.0015509663510071645
2016-01-29,EEM,0.00977783822388217
2016-01-29,VNQ,-0.005267649421082332
2016-01-29,XLE,0.01593883213418372
2016-01-29,XLK,0.02457062810880488
2016-02-29,SPY,-0.0028426964112729597
2016-02-29,QQQ,0.009617336268655156
2016-02-29,IWM,0.0017491792936788397
2016-02-29,TLT,0.004902475588956906
2016-02-29,GLD,0.004257786928893066
2016-02-29,EFA,-0.0039135577298174806
2016-02-29,EEM,0.004421375733083229
2016-02-29,VNQ,-0.004624062176550283
2016-02-29,XLE,0.014285848089538969
2016-02-29,XLK,0.0038896413218490237
2016-03-31,SPY,0.004625065026589273
2016-03-31,QQQ,0.007324617458157598
2016-03-31,IWM,0.001841327838142038
2016-03-31,TLT,0.004895929967709467
2016-03-31,GLD,0.0046823057864828765
2016-03-31,EFA,0.0002885854136872706
2016-03-31,EEM,-0.008824245531666402
2016-03-31,VNQ,0.004482153170429098
2016-03-31,XLE,1.9040750185175357e-05
2016-03-31,XLK,0.004543437688306966
2016-04-29,SPY,0.00402447042538445
2016-04-29,QQQ,0.004022457849964253
2016-04-29,IWM,0.0007773926415743377
2016-04-29,TLT,0.004980180156963642
2016-04-29,GLD,0.004610207390586415
2016-04-29,EFA,0.0007560342700314078
2016-04-29,EEM,0.0016630896524161825
2016-04-29,VNQ,0.004167032200250418
2016-04-29,XLE,0.010146642612394615
2016-04-29,XLK,0.006110403413361227
2016-05-31,SPY,0.004579983296017424
2016-05-31,QQQ,0.004419166847641063
2016-05-31,IWM,-0.0008412578983444383
2016-05-31,TLT,0.004966451274110013
2016-05-31,GLD,0.008321276663485795
2016-05-31,EFA,-0.0019687962502036587
2016-05-31,EEM,-0.007055868311020842
2016-05-31,VNQ,0.00490020320957995
2016-05-31,XLE,-0.0036929498372903335
2016-05-31,XLK,0.004551385350222941
2016-06-30,SPY,0.005053491732409398
2016-06-30,QQQ,0.008551219536064542
2016-06-30,IWM,0.010518725112045794
2016-06-30,TLT,0.004248633701216332
2016-06-30,GLD,0.007490180256562231
2016-06-30,EFA,0.01678120334473312
2016-06-30,EEM,0.015286781923241444
2016-06-30,VNQ,0.0047687846751768345
2016-06-30,XLE,0.015242430693138367
2016-06-30,XLK,0.004827338142089758
2016-07-29,SPY,0.006153326711646769
2016-07-29,QQQ,0.005303041772907728
2016-07-29,IWM,0.005720504393789796
2016-07-29,TLT,0.006175542700376178
2016-07-29,GLD,0.003856346400390002
2016-07-29,EFA,0.004638466685261761
2016-07-29,EEM,0.007895493753395376
2016-07-29,VNQ,0.004424513643928751
2016-07-29,XLE,0.002998367275503018
2016-07-29,XLK,0.006153326711646769
2016-08-31,SPY,0.006453150141121151
2016-08-31,QQQ,0.006453150141121151
2016-08-31,IWM,0.005735270322295411
2016-08-31,TLT,0.006453150141121151
2016-08-31,GLD,0.009114480046509017
2016-08-31,EFA,0.00842450974591215
2016-08-31,EEM,0.005607180746212528
2016-08-31,VNQ,0.005417299453326692
2016-08-31,XLE,0.005573322158839589
2016-08-31,XLK,0.0040511203771130605
2016-09-30,SPY,0.005812487784108039
2016-09-30,QQQ,0.005735103790732486
2016-09-30,IWM,0.006001342093092771
2016-09-30,TLT,0.005834012827183334
2016-09-30,GLD,0.005834012827183334
2016-09-30,EFA,0.005834012827183334
2016-09-30,EEM,0.01666644089516908
2016-09-30,VNQ,0.013690646644173835
2016-09-30,XLE,0.018429772030602594
2016-09-30,XLK,0.004237453105724219
2016-10-31,SPY,0.005492066932077396
2016-10-31,QQQ,0.0055202810899232
2016-10-31,IWM,0.010326046067125056
2016-10-31,TLT,0.00953319536560985
2016-10-31,GLD,0.006094076178581278
2016-10-31,EFA,0.0019525838024434335
2016-10-31,EEM,0.005068857966543834
2016-10-31,VNQ,0.011244877667521726
2016-10-31,XLE,0.005525498231344121
2016-10-31,XLK,0.005455434737319104
2016-11-30,SPY,0.004858409065686266
2016-11-30,QQQ,0.004936862161565901
2016-11-30,IWM,0.004401282650417521
2016-11-30,TLT,0.01042397766538591
2016-11-30,GLD,0.010568606685771819
2016-11-30,EFA,0.0005156273411653487
2016-11-30,EEM,0.017883752087279256
2016-11-30,VNQ,0.004689436818424285
2016-11-30,XLE,0.01162273009250497
2016-11-30,XLK,0.004936862161565901
2016-12-30,SPY,0.005308316080457037
2016-12-30,QQQ,0.005308316080457037
2016-12-30,IWM,0.004357709664423022
2016-12-30,TLT,0.0036143108102904293
2016-12-30,GLD,0.0032574994378712072
2016-12-30,EFA,0.004385250871085563
2016-12-30,EEM,0.004140062361781218
2016-12-30,VNQ,0.004059068155945243
2016-12-30,XLE,0.0036955506091403034
2016-12-30,XLK,0.005308316080457037
2017-01-31,SPY,0.005897706394192538
2017-01-31,QQQ,0.005920437659182271
2017-01-31,IWM,0.0024449653676179217
2017-01-31,TLT,0.002409850119481971
2017-01-31,GLD,0.005327196312452554
2017-01-31,EFA,0.005355484628731693
2017-01-31,EEM,0.0009535412514581864
2017-01-31,VNQ,0.005064641163764303
2017-01-31,XLE,0.006254178873305253
2017-01-31,XLK,0.003155905645031094
2017-02-28,SPY,0.004323077672484086
2017-02-28,QQQ,0.004259657102895466
2017-02-28,IWM,0.0017851386391949439
2017-02-28,TLT,0.0021957593913037193
2017-02-28,GLD,0.0053896534518002755
2017-02-28,EFA,0.0057114972985287445
2017-02-28,EEM,0.0036379989957324972
2017-02-28,VNQ,0.005414521515355236
2017-02-28,XLE,0.007171099543148786
2017-02-28,XLK,0.003409508433377731
2017-03-31,SPY,0.006046701024016192
2017-03-31,QQQ,0.005644849822075103
2017-03-31,IWM,0.0048504846364136435
2017-03-31,TLT,0.0021261851077192715
2017-03-31,GLD,0.005269385703758174
2017-03-31,EFA,0.006046701024016192
2017-03-31,EEM,0.006046701024016192
2017-03-31,VNQ,0.005269385703758174
2017-03-31,XLE,0.00569883408839521
2017-03-31,XLK,0.00536293437321106
2017-04-28,SPY,0.006177470952900973
2017-04-28,QQQ,0.004746018030303125
2017-04-28,IWM,0.005178168796763188
2017-04-28,TLT,0.003837909981225456
2017-04-28,GLD,0.005618499548333719
2017-04-28,EFA,0.006177470952900973
2017-04-28,EEM,0.006153588507846175
2017-04-28,VNQ,0.005652053108199207
2017-04-28,XLE,0.0063754723446549574
2017-04-28,XLK,0.004264837487808077
2017-05-31,SPY,0.006288385725267479
2017-05-31,QQQ,0.00482104630530042
2017-05-31,IWM,0.005771334470528746
2017-05-31,TLT,0.0046772126142846015
2017-05-31,GLD,0.00616833920500413
2017-05-31,EFA,0.006222774513466003
2017-05-31,EEM,0.00565669065138585
2017-05-31,VNQ,0.0058729795684610364
2017-05-31,XLE,0.006675904543944329
2017-05-31,XLK,0.004937766958922474
2017-06-30,SPY,0.006502910371571611
2017-06-30,QQQ,0.0053694374190939274
2017-06-30,IWM,0.00515981886020474
2017-06-30,TLT,0.004094521222456347
2017-06-30,GLD,0.0038246527662396793
2017-06-30,EFA,0.006436928453602784
2017-06-30,EEM,0.006138895784123734
2017-06-30,VNQ,0.005385077077245776
2017-06-30,XLE,0.0047393874083217595
2017-06-30,XLK,0.00580456960628094
2017-07-31,SPY,0.006241106984042024
2017-07-31,QQQ,0.005783223945767903
2017-07-31,IWM,0.006241106984042024
2017-07-31,TLT,0.004144440071875505
2017-07-31,GLD,0.004417424972779779
2017-07-31,EFA,0.006168550793508041
2017-07-31,EEM,0.00565888723014144
2017-07-31,VNQ,0.004450460204665797
2017-07-31,XLE,0.005410518208697688
2017-07-31,XLK,0.005896325071936436
2017-08-31,SPY,0.005806892442704436
2017-08-31,QQQ,0.0062490350063431396
2017-08-31,IWM,0.005246751813838722
2017-08-31,TLT,0.005472612868291568
2017-08-31,GLD,0.006127738681271227
2017-08-31,EFA,0.006385904397403854
2017-08-31,EEM,0.006152154719926406
2017-08-31,VNQ,0.004933906416666927
2017-08-31,XLE,0.005189407883808156
2017-08-31,XLK,0.0062490350063431396
2017-09-29,SPY,0.006326820279756777
2017-09-29,QQQ,0.006285933825332115
2017-09-29,IWM,0.005977401633095787
2017-09-29,TLT,0.00606194044928692
2017-09-29,GLD,0.005965609003116874
2017-09-29,EFA,0.006326820279756777
2017-09-29,EEM,0.0060983451469241706
2017-09-29,VNQ,0.005833152624670325
2017-09-29,XLE,0.005319288112900089
2017-09-29,XLK,0.006132923020550123
2017-10-31,SPY,0.006560467721106858
2017-10-31,QQQ,0.005309703218927504
2017-10-31,IWM,0.006514692508172624
2017-10-31,TLT,0.006028429989244542
2017-10-31,GLD,0.006286568787690309
2017-10-31,EFA,0.006560467721106858
2017-10-31,EEM,0.006414518533078926
2017-10-31,VNQ,0.00632944189763189
2017-10-31,XLE,0.005959119135691339
2017-10-31,XLK,0.0031752094261997934
2017-11-30,SPY,0.006828040127978009
2017-11-30,QQQ,0.004730749545331202
2017-11-30,IWM,0.006724097317269675
2017-11-30,TLT,0.006309549311448644
2017-11-30,GLD,0.006250043718449447
2017-11-30,EFA,0.006807027512483837
2017-11-30,EEM,0.005890485424477709
2017-11-30,VNQ,0.006362139554472141
2017-11-30,XLE,0.006454096486552785
2017-11-30,XLK,0.004303507264860764
2017-12-29,SPY,0.00679196450659183
2017-12-29,QQQ,0.006526430088114613
2017-12-29,IWM,0.006757082570244137
2017-12-29,TLT,0.0063023102936419695
2017-12-29,GLD,0.0063984144846519556
2017-12-29,EFA,0.006786774052180837
2017-12-29,EEM,0.003992817876292327
2017-12-29,VNQ,0.006276728738285273
2017-12-29,XLE,0.0066041808102256065
2017-12-29,XLK,0.005310322546108698
2018-01-31,SPY,0.007724314263602723
2018-01-31,QQQ,0.007569972803952599
2018-01-31,IWM,0.008110883742085268
2018-01-31,TLT,0.0074245756846059155
2018-01-31,GLD,0.0076954991554110605
2018-01-31,EFA,0.007724314263602723
2018-01-31,EEM,0.0061755956487979935
2018-01-31,VNQ,0.0077201930630496655
2018-01-31,XLE,0.007031454020607355
2018-01-31,XLK,0.007204064302817884
2018-02-28,SPY,0.019391314052362413
2018-02-28,QQQ,0.016758213279917278
2018-02-28,IWM,0.014268137917696233
2018-02-28,TLT,0.006110198148398793
2018-02-28,GLD,0.006347523246032868
2018-02-28,EFA,0.01461701648970244
2018-02-28,EEM,0.01761285290336162
2018-02-28,VNQ,0.014640022097943378
2018-02-28,XLE,0.02383318289974792
2018-02-28,XLK,0.011957272623932005
2018-03-29,SPY,0.007681177526664087
2018-03-29,QQQ,0.020690647412012812
2018-03-29,IWM,0.005822215448687026
2018-03-29,TLT,0.006130578351972091
2018-03-29,GLD,0.006577732096321561
2018-03-29,EFA,0.005763547074921799
2018-03-29,EEM,0.010944504098749348
2018-03-29,VNQ,0.005218585599921101
2018-03-29,XLE,0.010034513023523137
2018-03-29,XLK,0.014191277967775227
2018-04-30,SPY,0.00667115418813436
2018-04-30,QQQ,0.012346197219236363
2018-04-30,IWM,0.006608871205596902
2018-04-30,TLT,0.006375315985620596
2018-04-30,GLD,0.006769107205477306
2018-04-30,EFA,0.006132933743829689
2018-04-30,EEM,0.014472162031458706
2018-04-30,VNQ,0.0059704110851485585
2018-04-30,XLE,0.00701093151897344
2018-04-30,XLK,0.011610179203590072
2018-05-31,SPY,0.005804704276040097
2018-05-31,QQQ,0.0012579583462267966
2018-05-31,IWM,0.0015867205723132842
2018-05-31,TLT,0.005756127358208541
2018-05-31,GLD,0.005918089374432036
2018-05-31,EFA,0.005918089374432036
2018-05-31,EEM,0.007901953324282457
2018-05-31,VNQ,0.005712712694030558
2018-05-31,XLE,0.0066226723123687095
2018-05-31,XLK,0.0006651342946846482
2018-06-29,SPY,0.006764141347365716
2018-06-29,QQQ,0.008170969563590943
2018-06-29,IWM,0.008190913258059844
2018-06-29,TLT,0.005697069375021506
2018-06-29,GLD,0.005802452586977125
2018-06-29,EFA,0.005802452586977125
2018-06-29,EEM,0.0062167144934784715
2018-06-29,VNQ,0.005219809252173943
2018-06-29,XLE,0.008147411858566546
2018-06-29,XLK,0.00832769996233567
2018-07-31,SPY,0.006373277940989012
2018-07-31,QQQ,0.007081214899111169
2018-07-31,IWM,0.008203632287377903
2018-07-31,TLT,0.005253506759557112
2018-07-31,GLD,0.00521722250288013
2018-07-31,EFA,0.005193266147650791
2018-07-31,EEM,0.005024947009722191
2018-07-31,VNQ,0.008203632287377903
2018-07-31,XLE,0.00674441940445356
2018-07-31,XLK,0.007593379836870442
2018-08-31,SPY,0.008342034623859382
2018-08-31,QQQ,0.008010116347314487
2018-08-31,IWM,0.008114675569606458
2018-08-31,TLT,0.004934139075419681
2018-08-31,GLD,0.005130695935046588
2018-08-31,EFA,0.00468188495819497
2018-08-31,EEM,0.009206019842935271
2018-08-31,VNQ,0.008342034623859382
2018-08-31,XLE,0.008238933210589175
2018-08-31,XLK,0.0027167262291628563
2018-09-28,SPY,0.008381819495313305
2018-09-28,QQQ,0.008183620938249965
2018-09-28,IWM,0.008348980170583312
2018-09-28,TLT,0.0044543670056044
2018-09-28,GLD,0.004326901347577906
2018-09-28,EFA,0.004392215916051076
2018-09-28,EEM,0.004314537617131771
2018-09-28,VNQ,0.008381819495313305
2018-09-28,XLE,0.008224100253904245
2018-09-28,XLK,0.008183620938249965
2018-10-31,SPY,0.011434145804404853
2018-10-31,QQQ,0.016870960148941697
2018-10-31,IWM,0.012528324487888397
2018-10-31,TLT,0.002781593536413881
2018-10-31,GLD,0.0028609967615536493
2018-10-31,EFA,0.005349924416470347
2018-10-31,EEM,0.015614631892997253
2018-10-31,VNQ,0.006555760597328141
2018-10-31,XLE,0.01185635764076568
2018-10-31,XLK,0.016948151047599766
2018-11-30,SPY,0.003011772745290176
2018-11-30,QQQ,0.02369537219326839
2018-11-30,IWM,0.006241837172107704
2018-11-30,TLT,0.0031170353698545443
2018-11-30,GLD,0.003225338599404337
2018-11-30,EFA,0.0034828772958790987
2018-11-30,EEM,0.0215749659695505
2018-11-30,VNQ,0.0006487952540252786
2018-11-30,XLE,0.019801698631070574
2018-11-30,XLK,0.024805170596394026
2018-12-31,SPY,0.02161877342691666
2018-12-31,QQQ,0.01895161546772831
2018-12-31,IWM,0.03335115871068082
2018-12-31,TLT,-0.0009105323565137185
2018-12-31,GLD,-0.0005425468276203044
2018-12-31,EFA,0.0025334268277373063
2018-12-31,EEM,0.020900060823628847
2018-12-31,VNQ,0.002443395117412243
2018-12-31,XLE,0.06361365186694268
2018-12-31,XLK,0.03965157127342799
2019-01-31,SPY,0.020681767654389813
2019-01-31,QQQ,0.020817185332239693
2019-01-31,IWM,0.02063415635413095
2019-01-31,TLT,0.0028880699177091483
2019-01-31,GLD,0.004016825525172725
2019-01-31,EFA,-0.0018216920829891936
2019-01-31,EEM,0.012055022593636465
2019-01-31,VNQ,-0.0017532202993246193
2019-01-31,XLE,0.012914032841127784
2019-01-31,XLK,0.02102321572409708
2019-02-28,SPY,-0.0003199982731987769
2019-02-28,QQQ,0.0253992046298161
2019-02-28,IWM,0.015348183328877111
2019-02-28,TLT,0.005318418017935802
2019-02-28,GLD,0.0070162238316373755
2019-02-28,EFA,0.0031544800277711524
2019-02-28,EEM,0.0031608851997838414
2019-02-28,VNQ,0.0032751856685097375
2019-02-28,XLE,0.022867905550468085
2019-02-28,XLK,0.024156566615617443
2019-03-29,SPY,0.0029171576319740886
2019-03-29,QQQ,0.0025517154385038907
2019-03-29,IWM,0.0032678628947088394
2019-03-29,TLT,0.0015553382481621714
2019-03-29,GLD,0.006951630487910124
2019-03-29,EFA,0.0034015480895024613
2019-03-29,EEM,0.005193951630461737
2019-03-29,VNQ,0.006337038850337285
2019-03-29,XLE,0.0033989811854167238
2019-03-29,XLK,-0.0011249313165024443
2019-04-30,SPY,0.007094040054172738
2019-04-30,QQQ,0.0007247377126691815
2019-04-30,IWM,0.005325183833407472
2019-04-30,TLT,0.007278617769772846
2019-04-30,GLD,0.006006128272713991
2019-04-30,EFA,0.005315207520394
2019-04-30,EEM,0.006858232458771083
2019-04-30,VNQ,0.007278617769772846
2019-04-30,XLE,0.0038259245442568653
2019-04-30,XLK,0.0006961182891076698
2019-05-31,SPY,0.008184422873083816
2019-05-31,QQQ,0.010045360200920776
2019-05-31,IWM,0.005877445750562658
2019-05-31,TLT,-0.00021022196074241124
2019-05-31,GLD,0.006431129776710148
2019-05-31,EFA,0.005389635393170425
2019-05-31,EEM,0.007568725976237468
2019-05-31,VNQ,0.007436793801261013
2019-05-31,XLE,0.006022644987984285
2019-05-31,XLK,0.011461928815044544
2019-06-28,SPY,0.0002522587332073896
2019-06-28,QQQ,-0.0018329543786538493
2019-06-28,IWM,-0.002103927873972816
2019-06-28,TLT,0.0073401024833563075
2019-06-28,GLD,-0.00010813266827088062
2019-06-28,EFA,0.0005589549790264762
2019-06-28,EEM,-0.00186096554671014
2019-06-28,VNQ,0.006589548142105713
2019-06-28,XLE,-0.0015834949487965645
2019-06-28,XLK,-0.0018329543786538493
2019-07-31,SPY,0.007091528645025133
2019-07-31,QQQ,0.006573281374433124
2019-07-31,IWM,0.0038913865500594777
2019-07-31,TLT,0.007091528645025133
2019-07-31,GLD,0.006792964968985008
2019-07-31,EFA,0.006985254602994105
2019-07-31,EEM,0.003239070926038003
2019-07-31,VNQ,0.006898045385454279
2019-07-31,XLE,0.0033881235894823764
2019-07-31,XLK,0.006379798114862271
2019-08-30,SPY,0.007884077637957232
2019-08-30,QQQ,0.007884077637957232
2019-08-30,IWM,0.0021705460427359127
2019-08-30,TLT,-0.0011819975244049723
2019-08-30,GLD,-0.0008255891751337485
2019-08-30,EFA,0.007615225155105231
2019-08-30,EEM,0.0024809185647972853
2019-08-30,VNQ,0.006610476179347902
2019-08-30,XLE,0.0069147648630782516
2019-08-30,XLK,0.008540857284256926
2019-09-30,SPY,0.006615023152809748
2019-09-30,QQQ,0.006672946032536754
2019-09-30,IWM,0.0027010661659374567
2019-09-30,TLT,0.006447539958565827
2019-09-30,GLD,0.006755258614553679
2019-09-30,EFA,0.0027966553603143243
2019-09-30,EEM,0.0028756843406646947
2019-09-30,VNQ,0.006572024957953364
2019-09-30,XLE,0.0026834347489145603
2019-09-30,XLK,0.006806266335538125
2019-10-31,SPY,7.082221086990232e-05
2019-10-31,QQQ,-0.000812020959840285
2019-10-31,IWM,-0.0009660599228134296
2019-10-31,TLT,0.006578699055180278
2019-10-31,GLD,0.006562023935803072
2019-10-31,EFA,-0.0009106642265943425
2019-10-31,EEM,-0.0009660599228134296
2019-10-31,VNQ,0.0071062215641866724
2019-10-31,XLE,0.010165975655783354
2019-10-31,XLK,-0.0007671245547537432
2019-11-29,SPY,0.006531122254330246
2019-11-29,QQQ,0.005554102667019087
2019-11-29,IWM,0.0034239012001460946
2019-11-29,TLT,0.0073906126597623285
2019-11-29,GLD,0.007421621679627354
2019-11-29,EFA,0.007421621679627354
2019-11-29,EEM,0.0035857106285590527
2019-11-29,VNQ,0.007421621679627354
2019-11-29,XLE,0.003745937172503875
2019-11-29,XLK,-0.00046401178229180535
2019-12-31,SPY,0.0067741589261956035
2019-12-31,QQQ,0.00634609749646322
2019-12-31,IWM,0.006753338770438208
2019-12-31,TLT,0.0068183524912568405
2019-12-31,GLD,0.006584917842250724
2019-12-31,EFA,0.006753338770438208
2019-12-31,EEM,0.0010853989841038564
2019-12-31,VNQ,0.006853942209060773
2019-12-31,XLE,-0.0016287883648585311
2019-12-31,XLK,-0.04298510805375782
2020-01-31,SPY,0.008374012589743367
2020-01-31,QQQ,0.007611995384707647
2020-01-31,IWM,0.008323243203156019
2020-01-31,TLT,0.000357018995538452
2020-01-31,GLD,0.0006545343334614359
2020-01-31,EFA,0.008374012589743367
2020-01-31,EEM,0.014288527568934931
2020-01-31,VNQ,0.008374012589743367
2020-01-31,XLE,0.01103849985521053
2020-01-31,XLK,0.0028697717994978994
2020-02-28,SPY,0.01951208516558797
2020-02-28,QQQ,0.018685236072701453
2020-02-28,IWM,0.017003233238428873
2020-02-28,TLT,-0.0071722657026766275
2020-02-28,GLD,0.008496248419586589
2020-02-28,EFA,0.013590943510040695
2020-02-28,EEM,0.017248562620262732
2020-02-28,VNQ,0.013590943510040695
2020-02-28,XLE,0.07165305742305052
2020-02-28,XLK,0.018395751170426928
2020-03-31,SPY,0.09114779033482524
2020-03-31,QQQ,-0.05405846147327923
2020-03-31,IWM,0.1145702044065886
2020-03-31,TLT,-0.06290004424209962
2020-03-31,GLD,0.019499708323115837
2020-03-31,EFA,0.11064641152318333
2020-03-31,EEM,0.11253975452737817
2020-03-31,VNQ,0.12746620753315355
2020-03-31,XLE,0.113985378764326
2020-03-31,XLK,-0.05291749577597832
2020-04-30,SPY,0.021509768043622868
2020-04-30,QQQ,0.01405543409398575
2020-04-30,IWM,0.07235170046124446
2020-04-30,TLT,-0.017853003700728714
2020-04-30,GLD,-0.006026222148183174
2020-04-30,EFA,0.03421220945964267
2020-04-30,EEM,0.026488119391488953
2020-04-30,VNQ,0.12748978309021142
2020-04-30,XLE,0.18508088880176796
2020-04-30,XLK,-0.013304502615526792
2020-05-29,SPY,0.03174215490943869
2020-05-29,QQQ,0.006336985950252951
2020-05-29,IWM,0.021988182189311267
2020-05-29,TLT,-0.004812851572637463
2020-05-29,GLD,0.0024179496002117227
2020-05-29,EFA,0.02373963532278121
2020-05-29,EEM,0.02890242678254849
2020-05-29,VNQ,0.024768860745226755
2020-05-29,XLE,0.022717984780296838
2020-05-29,XLK,0.005483637780772494
2020-06-30,SPY,0.02143724296246373
2020-06-30,QQQ,-0.0003693896040379583
2020-06-30,IWM,0.015157859381790475
2020-06-30,TLT,0.0009521992329954919
2020-06-30,GLD,0.000922828883831651
2020-06-30,EFA,0.02161800319529467
2020-06-30,EEM,0.02161800319529467
2020-06-30,VNQ,0.023820997572205453
2020-06-30,XLE,0.05215927696432698
2020-06-30,XLK,-0.0008231573361024576
2020-07-31,SPY,0.0007468437005944601
2020-07-31,QQQ,-0.023402780357232946
2020-07-31,IWM,0.028052665972133073
2020-07-31,TLT,0.0007753438456507057
2020-07-31,GLD,-0.001568412885641626
2020-07-31,EFA,0.022229950193169864
2020-07-31,EEM,0.0212788146587875
2020-07-31,VNQ,0.022437721173062208
2020-07-31,XLE,0.05934388178490688
2020-07-31,XLK,0.001959383715612564
2020-08-31,SPY,0.002159641056019819
2020-08-31,QQQ,-0.08560738158153886
2020-08-31,IWM,0.023210596276676272
2020-08-31,TLT,0.007640417329164144
2020-08-31,GLD,-0.0008493516410903586
2020-08-31,EFA,-0.0005439547339410746
2020-08-31,EEM,0.014032235461690417
2020-08-31,VNQ,0.02327692308325781
2020-08-31,XLE,0.051894414868507086
2020-08-31,XLK,-0.01086091458857915
2020-09-30,SPY,-0.0007283272137896791
2020-09-30,QQQ,0.009511103103558046
2020-09-30,IWM,0.0016384179680261968
2020-09-30,TLT,0.007394199355205642
2020-09-30,GLD,0.00037417271875913883
2020-09-30,EFA,0.0021400281867485936
2020-09-30,EEM,0.0017989572974263812
2020-09-30,VNQ,0.00012059522694549506
2020-09-30,XLE,0.02446227059912772
2020-09-30,XLK,0.009511103103558046
2020-10-30,SPY,0.004389484359389895
2020-10-30,QQQ,0.021763609903697807
2020-10-30,IWM,0.005141094201738146
2020-10-30,TLT,0.0031275679032073986
2020-10-30,GLD,0.007151008366790128
2020-10-30,EFA,0.007002115561898808
2020-10-30,EEM,0.004486116792637089
2020-10-30,VNQ,0.0032473955072597647
2020-10-30,XLE,0.04050432362493713
2020-10-30,XLK,0.021763609903697807
2020-11-30,SPY,-0.003547225098144945
2020-11-30,QQQ,0.019758636751629963
2020-11-30,IWM,0.022026851201038887
2020-11-30,TLT,0.0027329492556383986
2020-11-30,GLD,0.00710110629938469
2020-11-30,EFA,-0.0031801302231237614
2020-11-30,EEM,-0.004500231671115258
2020-11-30,VNQ,0.020241752114479785
2020-11-30,XLE,-0.0015902428141543817
2020-11-30,XLK,0.022026851201038887
2020-12-31,SPY,0.005098730266785143
2020-12-31,QQQ,0.004249900061013956
2020-12-31,IWM,0.007312039507994073
2020-12-31,TLT,0.0026567279130923693
2020-12-31,GLD,0.0021206788859756197
2020-12-31,EFA,0.0042312736388691995
2020-12-31,EEM,-0.0013134958454665841
2020-12-31,VNQ,0.006974407677906617
2020-12-31,XLE,0.024714810545998413
2020-12-31,XLK,0.009272277290897791
2021-01-29,SPY,0.006309121843586231
2021-01-29,QQQ,-0.0043804108562185565
2021-01-29,IWM,0.010771441226754734
2021-01-29,TLT,0.0023343781403013593
2021-01-29,GLD,0.0009476355099397726
2021-01-29,EFA,0.006238611851454759
2021-01-29,EEM,0.004802209793931955
2021-01-29,VNQ,0.006805204239630481
2021-01-29,XLE,0.03031553079087451
2021-01-29,XLK,0.005125955184817301
2021-02-26,SPY,0.00752755533016177
2021-02-26,QQQ,-0.03152889129511734
2021-02-26,IWM,-0.02750480953953894
2021-02-26,TLT,0.004724777403549888
2021-02-26,GLD,0.0004003220676418077
2021-02-26,EFA,0.006825028541738261
2021-02-26,EEM,0.006322964297855016
2021-02-26,VNQ,0.007588458121351556
2021-02-26,XLE,0.023362775346034956
2021-02-26,XLK,-0.03284918187818573
2021-03-31,SPY,0.0011260256137798812
2021-03-31,QQQ,0.02142503109195277
2021-03-31,IWM,0.02142503109195277
2021-03-31,TLT,0.0035020789911306503
2021-03-31,GLD,0.002418444189677147
2021-03-31,EFA,0.009756647931406692
2021-03-31,EEM,0.02142503109195277
2021-03-31,VNQ,-0.006578315393017552
2021-03-31,XLE,0.02189494121502615
2021-03-31,XLK,0.02142503109195277
2021-04-30,SPY,-0.00897019954961127
2021-04-30,QQQ,0.02358406082041008
2021-04-30,IWM,0.02358406082041008
2021-04-30,TLT,0.003818529670670739
2021-04-30,GLD,0.0037001737824457082
2021-04-30,EFA,0.006559829506944653
2021-04-30,EEM,0.0078798933210386
2021-04-30,VNQ,-0.0013043743157280894
2021-04-30,XLE,0.02358406082041008
2021-04-30,XLK,0.02358406082041008
2021-05-28,SPY,0.007588944082006057
2021-05-28,QQQ,0.010054180310013653
2021-05-28,IWM,0.021629816885940806
2021-05-28,TLT,0.004830576756324872
2021-05-28,GLD,-0.0012691065734053355
2021-05-28,EFA,0.007564097947175917
2021-05-28,EEM,0.007943637479094302
2021-05-28,VNQ,0.0061346980178076825
2021-05-28,XLE,0.022323457241701806
2021-05-28,XLK,0.016410771870762064
2021-06-30,SPY,0.008354613681559757
2021-06-30,QQQ,-0.003325482804510162
2021-06-30,IWM,0.008594427101860704
2021-06-30,TLT,0.002069153259663254
2021-06-30,GLD,-0.0007622751305802378
2021-06-30,EFA,0.008935248108920178
2021-06-30,EEM,0.008822729575814743
2021-06-30,VNQ,0.007614686829217426
2021-06-30,XLE,0.02379559759574604
2021-06-30,XLK,-0.003365099048537962
2021-07-30,SPY,0.007830626869402918
2021-07-30,QQQ,0.007809670847774575
2021-07-30,IWM,0.008361050998331496
2021-07-30,TLT,-0.000795444575094955
2021-07-30,GLD,-0.0007498151638095807
2021-07-30,EFA,0.008726721441829047
2021-07-30,EEM,0.008803465654916583
2021-07-30,VNQ,5.1501672021963624e-05
2021-07-30,XLE,0.02218930116763889
2021-07-30,XLK,0.007476884678091916
2021-08-31,SPY,0.008077905218409457
2021-08-31,QQQ,0.005609829602346735
2021-08-31,IWM,0.008238656517449046
2021-08-31,TLT,-0.0005356681872676264
2021-08-31,GLD,-0.0005246319554238604
2021-08-31,EFA,0.008607880066880761
2021-08-31,EEM,-0.0018483954475265558
2021-08-31,VNQ,0.008136250516469564
2021-08-31,XLE,0.02192737234354805
2021-08-31,XLK,0.005711535810075676
2021-09-30,SPY,0.008936227847117782
2021-09-30,QQQ,0.009065445965156323
2021-09-30,IWM,-0.0011400750486271034
2021-09-30,TLT,0.008626193162008109
2021-09-30,GLD,-0.0011581114440563985
2021-09-30,EFA,0.008264149544855815
2021-09-30,EEM,0.0005142945978346443
2021-09-30,VNQ,0.009065445965156323
2021-09-30,XLE,0.02056699768696192
2021-09-30,XLK,0.009065445965156323
2021-10-29,SPY,0.0020055093004571686
2021-10-29,QQQ,-0.000939048019303829
2021-10-29,IWM,-0.0031248211103566507
2021-10-29,TLT,0.007919738726157794
2021-10-29,GLD,-0.001374907221968922
2021-10-29,EFA,0.007708953091492476
2021-10-29,EEM,0.00455325240394664
2021-10-29,VNQ,0.0013266280275450277
2021-10-29,XLE,0.02330311917055
2021-10-29,XLK,-0.002123753732702699
2021-11-30,SPY,0.008970418189650942
2021-11-30,QQQ,0.008395547060009093
2021-11-30,IWM,0.0003412536447192216
2021-11-30,TLT,0.0064199538592604605
2021-11-30,GLD,-0.0006593975438132424
2021-11-30,EFA,-0.001303834335545744
2021-11-30,EEM,0.004503006641240278
2021-11-30,VNQ,0.009291882505115586
2021-11-30,XLE,0.023174288540344062
2021-11-30,XLK,-0.0013502171098996665
2021-12-31,SPY,0.0004776592981685532
2021-12-31,QQQ,0.006353396463749741
2021-12-31,IWM,-0.0007900419708954373
2021-12-31,TLT,0.008682654157491908
2021-12-31,GLD,-0.0013768255127287396
2021-12-31,EFA,-0.0031786036034570277
2021-12-31,EEM,0.005192628328981826
2021-12-31,VNQ,-0.004401427003059693
2021-12-31,XLE,0.022602207674033908
2021-12-31,XLK,-0.00477111613463409
2022-01-31,SPY,0.009444563992807319
2022-01-31,QQQ,0.023308615133782348
2022-01-31,IWM,0.023921088083974196
2022-01-31,TLT,-0.0003522409368747166
2022-01-31,GLD,-0.0005267662890934586
2022-01-31,EFA,-0.0003514044811630424
2022-01-31,EEM,0.004910282956232672
2022-01-31,VNQ,0.00946075513597939
2022-01-31,XLE,0.024126858714993676
2022-01-31,XLK,0.024568218659742604
2022-02-28,SPY,0.0012417407700895387
2022-02-28,QQQ,0.025203875270585267
2022-02-28,IWM,0.02607774098453195
2022-02-28,TLT,0.00015928038819425436
2022-02-28,GLD,-0.0014512032591165306
2022-02-28,EFA,0.00016748855224229183
2022-02-28,EEM,0.004736699378925886
2022-02-28,VNQ,0.000222586354744214
2022-02-28,XLE,0.02526572167475759
2022-02-28,XLK,0.025323191712424937
2022-03-31,SPY,-0.003006449030170292
2022-03-31,QQQ,0.025066886094295852
2022-03-31,IWM,0.02566399273307932
2022-03-31,TLT,0.00441840763372853
2022-03-31,GLD,0.008665893108041044
2022-03-31,EFA,-0.0029129399364984853
2022-03-31,EEM,0.021139571251301
2022-03-31,VNQ,-0.0032417499808026747
2022-03-31,XLE,0.02881660903937681
2022-03-31,XLK,0.025066886094295852
2022-04-29,SPY,0.021554000596453397
2022-04-29,QQQ,0.016810455715942103
2022-04-29,IWM,0.014239763056679162
2022-04-29,TLT,0.007602429442315406
2022-04-29,GLD,0.008914439076147935
2022-04-29,EFA,0.019067906668591483
2022-04-29,EEM,0.016824521686565726
2022-04-29,VNQ,0.0024004837379254422
2022-04-29,XLE,0.023776662108502863
2022-04-29,XLK,0.020472150621894447
2022-05-31,SPY,0.01771375369317234
2022-05-31,QQQ,0.01281672600734655
2022-05-31,IWM,0.012945746449026234
2022-05-31,TLT,0.011064124553020672
2022-05-31,GLD,0.008041343653629988
2022-05-31,EFA,0.021028175566767424
2022-05-31,EEM,0.014353341584215702
2022-05-31,VNQ,0.02162774698935105
2022-05-31,XLE,0.016128486198189837
2022-05-31,XLK,0.013267296677921916
2022-06-30,SPY,0.019432116337905012
2022-06-30,QQQ,0.08984682509456791
2022-06-30,IWM,0.05761871686809594
2022-06-30,TLT,0.004228893723060712
2022-06-30,GLD,-0.00028929666189429694
2022-06-30,EFA,0.006511669003748083
2022-06-30,EEM,0.006043271781029821
2022-06-30,VNQ,0.01676107950539485
2022-06-30,XLE,0.03503402561272385
2022-06-30,XLK,0.06379118847795218
2022-07-29,SPY,0.01687610443702993
2022-07-29,QQQ,0.01544645815637418
2022-07-29,IWM,0.018145170976874927
2022-07-29,TLT,0.0034634265824405527
2022-07-29,GLD,0.00026780451456603373
2022-07-29,EFA,0.015753337953927676
2022-07-29,EEM,0.004534996620536477
2022-07-29,VNQ,0.014281982959138085
2022-07-29,XLE,0.04007453756727486
2022-07-29,XLK,0.018189750414121228
2022-08-31,SPY,0.01667712228624119
2022-08-31,QQQ,0.014363614176518512
2022-08-31,IWM,0.017643439636525392
2022-08-31,TLT,0.004263151086944575
2022-08-31,GLD,0.001370082152877028
2022-08-31,EFA,0.004474888637083112
2022-08-31,EEM,0.004376473293355901
2022-08-31,VNQ,0.016519680876752613
2022-08-31,XLE,0.03082664289687381
2022-08-31,XLK,0.014541310177375125
2022-09-30,SPY,0.001553506183898205
2022-09-30,QQQ,0.005164436801274918
2022-09-30,IWM,0.012330639474945327
2022-09-30,TLT,0.0010630329450811863
2022-09-30,GLD,0.0013990983560099647
2022-09-30,EFA,0.0016645371296953367
2022-09-30,EEM,0.001938910757315971
2022-09-30,VNQ,-0.004518775421241203
2022-09-30,XLE,0.004737070533467099
2022-09-30,XLK,0.008652419618339563
2022-10-31,SPY,0.001585268403096316
2022-10-31,QQQ,0.0020492985423897895
2022-10-31,IWM,0.009173081124517897
2022-10-31,TLT,0.058033239700420236
2022-10-31,GLD,-0.0002396842040732756
2022-10-31,EFA,-0.0033583169624671477
2022-10-31,EEM,-0.006059132984026372
2022-10-31,VNQ,0.014112265229347712
2022-10-31,XLE,0.015380414165616862
2022-10-31,XLK,0.0016823035936641788
2022-11-30,SPY,0.002421560480256239
2022-11-30,QQQ,0.005460701214958561
2022-11-30,IWM,0.0133267767200625
2022-11-30,TLT,0.006670475296272503
2022-11-30,GLD,-0.0009378311279132991
2022-11-30,EFA,0.0021804176487063803
2022-11-30,EEM,0.0021804176487063803
2022-11-30,VNQ,0.0020823165766876523
2022-11-30,XLE,0.01924729804404967
2022-11-30,XLK,0.0014441598581969794
2022-12-30,SPY,0.011654633164120366
2022-12-30,QQQ,0.0034899213932703026
2022-12-30,IWM,0.013683066222902074
2022-12-30,TLT,0.03935001231062108
2022-12-30,GLD,-0.00021410732517922776
2022-12-30,EFA,0.014155943709110568
2022-12-30,EEM,0.005526027841676205
2022-12-30,VNQ,0.0028958775651454173
2022-12-30,XLE,0.01721214718401623
2022-12-30,XLK,0.010382062520116597
2023-01-31,SPY,-0.0008394011804594146
2023-01-31,QQQ,0.014013319775659306
2023-01-31,IWM,0.01839976991134921
2023-01-31,TLT,-0.0010202089617081568
2023-01-31,GLD,0.0023456029984320536
2023-01-31,EFA,0.002259730207730359
2023-01-31,EEM,-0.0009879625524902209
2023-01-31,VNQ,0.014796830487294162
2023-01-31,XLE,0.01932877930860614
2023-01-31,XLK,0.015513399080630657
2023-02-28,SPY,-0.0003473826788260768
2023-02-28,QQQ,0.019270835614746316
2023-02-28,IWM,0.00802244118543077
2023-02-28,TLT,-0.0012372565823372294
2023-02-28,GLD,0.009074753885260158
2023-02-28,EFA,0.008294816824043004
2023-02-28,EEM,0.008879352322056808
2023-02-28,VNQ,-0.00024763176914783993
2023-02-28,XLE,0.019932007509660492
2023-02-28,XLK,0.01936353124636374
2023-03-31,SPY,0.006746728993907933
2023-03-31,QQQ,-0.0015206769376308136
2023-03-31,IWM,-0.0021126235869510413
2023-03-31,TLT,-0.0020164617979441927
2023-03-31,GLD,0.003009212359972826
2023-03-31,EFA,0.0068905489367945836
2023-03-31,EEM,0.007248795271302674
2023-03-31,VNQ,0.017367279310354443
2023-03-31,XLE,0.017684386901222884
2023-03-31,XLK,-0.0016553728545998614
2023-04-28,SPY,0.004583671113539962
2023-04-28,QQQ,0.007205715131401141
2023-04-28,IWM,-0.0008052267667964692
2023-04-28,TLT,-0.0007451979435436455
2023-04-28,GLD,0.007852367451159846
2023-04-28,EFA,0.0044415785840927115
2023-04-28,EEM,-0.0007451979435436455
2023-04-28,VNQ,-0.000753774744688569
2023-04-28,XLE,0.019297224923326122
2023-04-28,XLK,0.007248905708232351
2023-05-31,SPY,0.0075889226164280715
2023-05-31,QQQ,0.0008716943322260063
2023-05-31,IWM,-0.0008292502664911627
2023-05-31,TLT,-0.0008549438796588144
2023-05-31,GLD,0.008376949409101926
2023-05-31,EFA,0.008988498949074076
2023-05-31,EEM,0.0012686395400540633
2023-05-31,VNQ,-0.0008292502664911627
2023-05-31,XLE,0.01707896944472466
2023-05-31,XLK,-0.0022078767882340107
2023-06-30,SPY,0.004207656103550828
2023-06-30,QQQ,0.0006088922571204698
2023-06-30,IWM,-0.004285422569651503
2023-06-30,TLT,-0.0005051571598529067
2023-06-30,GLD,0.00834404043275291
2023-06-30,EFA,0.004623615314971577
2023-06-30,EEM,0.0047385746445653045
2023-06-30,VNQ,-0.0011113696904952101
2023-06-30,XLE,0.015292565884656944
2023-06-30,XLK,0.0005636448136781401
2023-07-31,SPY,0.0053454978274272875
2023-07-31,QQQ,0.003772022804885641
2023-07-31,IWM,0.004037586719618982
2023-07-31,TLT,-0.0005197997553870284
2023-07-31,GLD,0.007297514405698829
2023-07-31,EFA,0.006808101342499177
2023-07-31,EEM,0.004782444407123719
2023-07-31,VNQ,-0.0005197997553870284
2023-07-31,XLE,0.012730532494647803
2023-07-31,XLK,0.005550244998907524
2023-08-31,SPY,0.007697711680227594
2023-08-31,QQQ,0.007245432520522109
2023-08-31,IWM,0.008539001362616393
2023-08-31,TLT,-0.0007665152880581073
2023-08-31,GLD,-0.002210236414873993
2023-08-31,EFA,0.008120945266771635
2023-08-31,EEM,0.0006676852468320776
2023-08-31,VNQ,-0.0008924036306144878
2023-08-31,XLE,-0.002271823835608613
2023-08-31,XLK,0.0071740640551355445
2023-09-29,SPY,0.009817955396415643
2023-09-29,QQQ,0.009693447389294745
2023-09-29,IWM,0.009626540434497356
2023-09-29,TLT,-0.00021260724056345896
2023-09-29,GLD,-0.0017144144588782237
2023-09-29,EFA,-0.0017703404585574544
2023-09-29,EEM,-0.0017620138273190863
2023-09-29,VNQ,-0.0008544963042576853
2023-09-29,XLE,0.005549209686953102
2023-09-29,XLK,0.009693447389294745
2023-10-31,SPY,0.00802173703161414
2023-10-31,QQQ,0.008113431016971697
2023-10-31,IWM,-0.00018417086738269908
2023-10-31,TLT,-0.015628585443473696
2023-10-31,GLD,-0.002106556737340767
2023-10-31,EFA,-0.0018174162056557438
2023-10-31,EEM,-0.0017624089985120942
2023-10-31,VNQ,-0.0012755612966540983
2023-10-31,XLE,0.002381509153990989
2023-10-31,XLK,0.008113431016971697
2023-11-30,SPY,-0.000361654634182468
2023-11-30,QQQ,0.0034769227165530638
2023-11-30,IWM,-0.0016198147564632497
2023-11-30,TLT,-0.017050169841327956
2023-11-30,GLD,-0.0014814214984411086
2023-11-30,EFA,-0.0015432894708740975
2023-11-30,EEM,-0.0017029930296901027
2023-11-30,VNQ,0.014850624010367483
2023-11-30,XLE,0.0073878244608688425
2023-11-30,XLK,0.0031843916158935306
2023-12-29,SPY,0.00326832467598332
2023-12-29,QQQ,0.0012693997396912215
2023-12-29,IWM,0.01723800132821659
2023-12-29,TLT,-0.00012101751015241823
2023-12-29,GLD,0.00425358874624595
2023-12-29,EFA,-0.001153438939539525
2023-12-29,EEM,-0.0008994633247383826
2023-12-29,VNQ,0.017929758727534675
2023-12-29,XLE,-0.0007588122789934201
2023-12-29,XLK,0.0015962781526465035
